INDEX,KOREAN,URL,ENGLISH
0.0,"복수전공 신청 안내
1. 신청대상자  : 본교 1학년 과정 이상을 수료한 재학생

2. 신청기간 : 매학기 소정 기간 내 (1학기는 1월 중, 2학기는 7월 중 신청)

※ 자세한 일정은 학사공지의 개별 공지사항 참고

3. 신청절차 및 방법

1) 복수전공 신청서 작성
2) 소속 학부(과)장 및 부전공 학부(과)장 승인
3) 신청서 교무팀(본관 108호) 제출
4) 복수전공 승인
5) 제출서류 : 부전공 신청서 1부, 성적증명서 1부

4. 복수전공 이수학점

1)복수전공 이수 인정에 필요한 학점은 복수전공 학부(과) 전공과목(전공필수과목 반드시 이수)중에서 42학점 이상으로 함.  (선수과목 지정시 반드시 이수해야 함)
2) 동일학부 내에서 복수전공 학점은 36학점이상으로 함.  복수전공 과목 학점 미취득자는 복수전공을 인정하지 아니함.
3) 복수전공 이수자는 졸업학기말 성적 산출 후 복수전공 학부(과)에서 복수전공 과목 이수를 확인하여 복수전공 이수확인서를     교무팀(본관108호)에 제출, 복수전공 과목 학점을 인정 받음.
4) 주전공 및 융합전공 동일교과목을 중복으로 인정하지 않음.

5. 복수전공 관련 양식

복수전공(신청원, 취소원, 이수확인서)양식
※ 복수전공 이수 확인서는 4학년 졸업학기말 성적 산출 후 제출

6. 참고사항

1) 복수전공 변경 및 취소는 매학기 소정 기한내 신청 가능(학사공지 공지사항 참고)
2) 복수전공 신청 전에 이수한 복수전공 교과목도 복수전공 이수로 인정됨 (복수전공 신청년도에 따라 다를 수 있음)

문의 : 각 학부(과)   관리 : 교무팀
전화번호02-300-0457
E-mailkyomu@kau.ac.kr",https://kau.ac.kr/web/pages/gc95047h.do,"Guide to applying for a double major
1. Subject to application: Students who have completed the first-year course or higher at this school

2. Application period: Within the prescribed period of each semester (apply in January for the first semester and July for the second semester)

※ For a detailed schedule, please refer to the individual notice in the academic notice

3. Application procedures and methods

1) Complete the Double Major Application Form
2) Approval of the head of the affiliated department (department) and the head of the minor department (department)
3) Submission of application form to the school affairs team (main building No. 108)
4) Double major approval
5) Documents to be submitted: 1 minor application form, 1 transcript of transcript

4. a double major completion credit

1)The credit required for recognizing the completion of a double major shall be at least 42 credits from the undergraduate (department) major course (must complete the required major course).  (Must complete the course when designating the course)
2) Double major credits within the same department shall be 36 credits or more.  Those who have not obtained double major credits are not recognized for double major.
3) After calculating the grades at the end of the graduation semester, those who have completed a double major confirm the completion of a double major at the undergraduate department (department) and submit a confirmation of completion of a double major to the school affairs team (main office No. 108), and receive credit for a double major.
4) The same subject of main engineering and convergence major is not recognized as overlapping.

5. Double major related forms

Double major (applicant, cancellation, confirmation of completion) form
※ Confirmation of completion of double major shall be submitted after calculation of grades at the end of the fourth year's graduation semester

6. Notes

1) Double major changes and cancellations can be applied within the prescribed period of each semester (see the announcement of the academic announcement)
2) Double major subjects completed before applying for double major are also recognized as double major completion (depending on the year of application for double major)

Inquiry: Management of each department (department) : School affairs team
Phone Number 02-300-0457
e-mailkyomu@kau.ac.kr"
1.0,"부전공 신청 안내
1. 신청대상자  : 본교 1학년 과정 이상을 수료한 재학생

2. 신청기간 : 매학기 소정 기간 내 (1학기는 1월 중, 2학기는 7월 중 신청)

※ 자세한 일정은 학사공지의 개별 공지사항 참고

3. 신청절차 및 방법

1) 부전공 신청서 작성
2) 소속 학부(과)장 및 부전공 학부(과)장 승인
3) 신청서 교무팀(본관 108호) 제출
4) 부전공 승인
5) 제출서류 : 부전공 신청서 1부, 성적증명서 1부

4. 부전공 이수학점

1)부전공 이수 인정에 필요한 학점은 부전공 학부(과) 전공과목(전공필수과목 9학점이상 이수)중에서 24학점 이상으로 함.    (선수과목 지정시 반드시 이수해야 함)
2) 부전공 이수자는 졸업학기말 성적 산출 후 부전공 학부(과)에서 부전공 과목 이수를 확인하여 부전공 이수확인서를    교무팀(본관108호)에 제출, 부전공 과목 학점을 인정 받음.
3) 주전공 및 융합전공 동일교과목을 중복으로 인정하지 않음.

5. 부전공 관련 양식

부전공(신청원, 취소원, 이수확인서)양식
※ 부전공 이수 확인서는 4학년 졸업학기말 성적 산출 후 가능

6. 참고사항

1) 부전공 변경 및 취소는 매학기 소정 기한내 신청 가능(학사공지 공지사항 참고)
2) 부전공 신청 전에 이수한 복수전공 교과목도 복수전공 이수로 인정됨

문의 : 각 학부(과)   관리 : 교무팀
전화번호02-300-0457
E-mailkyomu@kau.ac.kr",https://kau.ac.kr/web/pages/gc81492h.do,"""Informations on the application for non-performing workers""
1. Subject to application: Students who have completed the first-year course or higher at this school

2. Application period: Within the prescribed period of each semester (apply in January for the first semester and July for the second semester)

※ For a detailed schedule, please refer to the individual notice in the academic notice

3. Application procedures and methods

1) Complete the Minor Application Form
2) Approval of the head of the affiliated department (department) and the head of the minor department (department)
3) Submission of application form to the school affairs team (main building No. 108)
4) Minority approval
5) Documents to be submitted: 1 minor application form, 1 transcript of transcript

4. a minor completion credit

1)The credit required for recognizing the completion of the minor major shall be at least 24 credits from the minor undergraduate (department) major course (at least 9 credits required for the major). (Must be completed when designating a course)
2) a minorAfter calculating the grades at the end of the graduation semester, Souza confirmed the completion of the minor course at the minor department (department) and submitted a confirmation of completion of the minor to the school affairs team (main office No. 108), and received credit for the minor course.
3) The same subject of main engineering and convergence major is not recognized as overlapping.

5. a minor-related form

Form for minor (applicant, cancellation, confirmation of completion)
※ Confirmation of completion of minor is possible after calculating grades at the end of the fourth year's graduation semester

6. Notes

1) Sub-major changes and cancellations can be applied within the prescribed period of each semester (refer to the announcement of the academic announcement)
2) Double major courses completed before applying for a minor are also recognized as double major completion

Inquiry: Management of each department (department) : School affairs team
Phone Number 02-300-0457
e-mailkyomu@kau.ac.kr"""
2.0,"전과 신청 안내
1. 신청 대상자
구분 : 2학년 전과 - 1학년(33학점이상 이수) 수료 & 2학기 이수자
비고 : [경영학부] - 평점평균3.0 / 토익700점 이상 신청가능
[항공전자정보공학부] - 평점평균3.0 이상 신청가능
[항공운항학과] - 평점평균3.5/토익800점 이상 신청가능

구분 : 3학년 전과 - 2학년(65학점 이상 이수) 수료 & 4학기 이수자
비고 : [경영학부] - 평점평균3.0 / 토익700점 이상 신청가능
[항공전자정보공학부] - 평점평균3.0 이상 신청가능
[항공운항학과] - 평점평균3.5/토익800점 이상 신청가능
휴학생은 전과 신청 전 복학신청을 해야 함
2. 신청기간

매년 소정 기간 내 (1월 중 신청)
자세한 일정은 학사공지 ‘전과 신청안내’ 참고

3. 제출서류 및 제출처
구분 : 공통서류 - 전과신청서 각 1부, 성적증명서 1부
비고 : 전과 희망 학부(과) 사무실

구분 : 경영학부, 항공교통물류학부 - 토익성적증명서 1부
비고 : 전과 희망 학부(과) 사무실

구분 : 항공운항학과 - 전과지원서 1부, 토익성적증명서 1부, 항공신체검사증명서 1부
비고 : 전과 희망 학부(과) 사무실

4. 신청절차

전과신청서 제출(각 학부(과) 사무실) → 학부(과) 전과 심의 → 심사결과개별통보
※ 면접 실시 학과는 학과에서 일정 개별 통보

5. 신청서 양식

전과 신청원 양식

문의 : 각 학부(과)   관리 : 교무팀전화번호02-300-0457E-mailkyomu@kau.ac.kr",https://kau.ac.kr/web/pages/gc45400h.do,"Information on applying for a criminal record
1. Subject to Application
Classification: Prior to 2nd grade - 1st grade (over 33 credits) & 2nd semester completion
Note: [Dept of Business Administration] - Average rating of 3.0 / TOEIC 700 points or higher can be applied
[Department of Aviation Electronics and Information Engineering] - You can apply for an average rating of 3.0 or higher
[Department of Aviation Operations] - You can apply for an average rating of 3.5 / TOEIC 800 points or more

Classification: Prior to 3rd grade - 2nd grade (over 65 credits) & 4th semester completion
Note: [Dept of Business Administration] - Average rating of 3.0 / TOEIC 700 points or higher can be applied
[Department of Aviation Electronics and Information Engineering] - You can apply for an average rating of 3.0 or higher
[Department of Aviation Operations] - You can apply for an average rating of 3.5 / TOEIC 800 points or more
Students on leave of absence must apply to return to school before applying for a transfer
2. Application period

a fixed period of time every year I (apply in January)
For a detailed schedule, refer to the academic announcement ""Information on Application for Confectionery""

3. Submission documents and where to submit them
Classification: Common documents - 1 copy each of the application for transfer and 1 copy of the transcript
Remark: Office of the graduate department (department) who wants to transfer

Classification: Department of Business Administration, Department of Air Transportation and Logistics - TOEIC score certificate Part 1
Remark: Office of the graduate department (department) who wants to transfer

Classification: Department of Aviation Operations - 1 criminal record application, 1 TOEIC score certificate, 1 aviation physical examination certificate
Remark: Office of the graduate department (department) who wants to transfer

4. Application procedures

Submission of application for transfer of a criminal record (office of each undergraduate department) → Review of transfer of an undergraduate department → Notification of the results of the review individually
※ Interview departments are notified individually of their schedules

5. Application Form

Form for ex-conviction applicants

Inquiry: Management of each undergraduate department: Faculty team number 02-300-0457E-mailkyou@kau.ac.kr"
3.0,"학·석사 연계과정 안내
1. 학·석사 연계과정이란?

학·석사 연계과정은 학사과정과 석사과정을 연계하여 수업연한을 단축하여 5년 또는 5.5년 내에 학사, 석사과정을 완료할 수 있는 과정

수업연한 5년 : 학사학위과정 3.5년 및 석사학위과정 1.5년
수업연한 5.5년 : 학사학위과정 4년 및 석사학위과정 1.5년

2. 선발 및 입학 절차

1.지원
대학원 입학 지원
일대원

2.합격
대학원 입학 지원
일대원

3.과목이수
대학원과목 6학점 이수(학부 7학기 이수)
일대원

4. 졸업요건
학사 졸업요건 충족
교무팀

5. 등록
대학원 등록금 납부
일대원

6. 졸업
학부졸업
교무팀

7. 입학
대학원 입학
일대원

* 대학원 진학 후 첫 학기는 휴학불가(군 휴학/병가만 가능)

3. 입학지원 및 선발

가. 모집인원 : 대학원 석사과정 입학정원의 30% 범위 내

나. 지원자격 :

학사학위과정 5 개학기 이상 7개 학기 이하를  등록한 자
평점평균 3.0 이상인 자
학부 ( 과 ) 장 추천을 받은 자

다. 지원시기 : 매년 전기 또는 후기 모집 (4 월 / 10 월경 )
라. 문 의 처 : 대학원행정실 02-300-0303/0304

4. 학부졸업조건

가. 졸업요건

구분 : 2012 학번 이전
학부 졸업학점 : 134학점
대학원 과목 : 6학점 (학사 7학기에 이수)
평점 평균 : 3.5 이상
대학원 등록 : 대학원 등록을 필한 자
비고 : 학부졸업요건 충족하여야 졸업가능

구분 : 2013학번 이후
학부 졸업학점 : 124학점
대학원 과목 : 6학점 (학사 7학기에 이수)
평점 평균 : 3.5 이상
대학원 등록 : 대학원 등록을 필한 자
비고 : 학부졸업요건 충족하여야 졸업가능

나. 문 의 처 : 교무팀 02-300-0016

5. 학석사연계과정 취소요건

가. 대학원 입학 이전에 연계과정을 중도 포기한 자 ☞ 대학원행정실로 “학석사연계과정 포기원” 제출
나. 학부 졸업요건을 충족하지 못한 자
다. 대학원 과목을 이수하지 않은 자
라. 대학원 등록금을 납부하지 않은 자",https://kau.ac.kr/web/pages/gc51173h.do,"Guide to the course of linking academic and master's degrees
1. What is the course of linking academic and master's degrees?

A course in which a bachelor's course and a master's course can be completed within five or 5.5 years by shortening the period of study by linking the bachelor's course and the master's course

Five years of study: 3.5 years for bachelor's degree and 1.5 years for master's degree
5.5 years of study: 4 years of bachelor's degree program and 1.5 years of master's degree program

2. selection and admission procedures

1. Support
application for graduate school admission
one's circle

2. Passed
application for graduate school admission
one's circle

3. Subject completion
Graduate course 6 credits completed (7 semesters of undergraduate department)
one's circle

4. Requirements for graduation
Meeting Bachelor's Graduation Requirements
the school affairs team

5. Registration
Graduate tuition payment
one's circle

6. Graduation
undergraduate graduation
the school affairs team

7. admission
admission to graduate school
one's circle

* No leave of absence for the first semester after entering graduate school (only leave of absence/sick leave of absence in the military)

3. Admission application and selection

go. Number of recruits: Within 30% of the enrollment quota for graduate school master's courses

I. Eligibility for application:

A person who has registered a bachelor's degree course 5 or more and seven semesters or less
A person with an average rating of 3.0 or higher
a person recommended by the head of an undergraduate department

All. When to apply: Recruitment of the first half or later every year (April / October menstruation)
La. Inquiries: Graduate Administration Office 02-300-0303/0304

4. Undergraduate graduation conditions

go. Requirements for graduation

Classification: Before the 2012 school year
Undergraduate graduation credit: 134 credits
Graduate course: 6 credits (completed in 7 semesters of bachelor's degree)
Average rating: 3.5 or higher
Graduate registration: A person who has completed graduate registration
Note: Graduation is possible only when undergraduate graduation requirements are met

Classification: Since 2013
Undergraduate credit: 124 credits
Graduate course: 6 credits (completed in 7 semesters of bachelor's degree)
Average rating: 3.5 or higher
Graduate registration: A person who has completed graduate registration
Note: Graduation is possible only when undergraduate graduation requirements are met

I. Contact: Teacher's Team 02-300-0016

5. Requirements for cancellation of academic and academic courses

go. A person who gave up the linkage course before entering the graduate school ☞ Submission of ""Waiver of Academic Master Association Course"" to the graduate administration office
I. Those who fail to meet the requirements for undergraduate graduation
All. a person who has not completed a graduate course
La. a person who has not paid graduate tuition"
4.0,"제 1 학기
구분 : '23.1 January
2023. 1. 1(일) : 신정
2023. 1. 2(월) ~ 6(금) : 복학 집중신청
2023. 1. 2(월) ~ 20(금) : 동계 계절학기
2023. 1. 21(토) ~ 23(월) (1. 24(화) 대체휴일) : 설날

구분 : 2 February
2023. 2. 2(목) ~ 3(금) : 장바구니 수강신청
2023. 2. 9(목) ~ 10(금) : 본 수강신청
2023. 2. 13(월) ~ 17(금) : 휴학 집중신청
2023. 2. 20(월) ~ 24(금) : 등록
2023. 2. 24(금) : 전기 학위수여식(제66회)
2023. 2. 28(화) : 신입생 입학식

구분 : 3 March
2023. 3. 1(수) : 삼일절
2023. 3. 2(목) : 개강
2023. 3. 2(목) ~ 8(수) : 수강신청 변경
2023. 3. 29(수) : 수업일수 4주선

구분 : 4 April

구분 : 5 May
2023. 5. 5(금) : 어린이날
2023. 5. 10(수) : 수업일수 2/3선

구분 : 6 June
2023. 5. 27(일) : 석가탄신일
2023. 6. 6(화) : 현충일
2023. 6. 8(목) ~ 14(수) : 보강기간
2023. 6. 15(목) ~ 22(목) : 기말시험
2023. 6. 16(금) : 개교기념일(제71회)

구분 : 7 July
2023. 7. 3(월) : 하계 계절학기 개강
2023. 7. 3(월) ~ 7(금) : 복학 집중신청
2023. 7. 21(금) : 하계 계절학기 종강

제 2 학기

8월:
- 3일(목) ~ 4일(금): 장바구니 수강신청
- 10일(목) ~ 11일(금): 본 수강신청
- 14일(월) ~ 18일(금): 휴학 집중신청
- 15일(화): 광복절
- 18일(금): 후기 학위수여식(제66회)
- 21일(월) ~ 25일(금): 등록기간
- 28일(월): 개강

9월:
- 28일(월) ~ 1일(금): 수강신청변경
- 24일(일): 수업일수 4주선
- 28일(목) ~ 30일(토): 추석

10월:
- 3일(화): 개천절
- 9일(월): 한글날

11월:
- 5일(일): 수업일수 2/3

12월:
- 4일(월) ~ 8일(금): 보강
- 11일(월) ~ 15일(금): 기말시험
- 25일(월): 성탄절
- 26일(화) ~ 1월 16일(화): 동계 계절학기

24.1월:
- 1일(월): 신정
- 8일(월) ~ 12일(금): 복학 집중신청

24.2월:
- 6일(화) ~ 7일(수): 장바구니 수강신청
- 9일(금) ~ 12일(월): 설날연휴
- 15일(목) ~ 16일(금): 본 수강신청
- 14일(수) ~ 20일(화): 휴학 집중신청
- 23일(금): 전기 학위수여식(제 67회)
- 19일(월) ~ 23일(금): 등록
- 29일(목): 신입생 입학식

문의 : 교무팀/윤미경
전화번호02-300-0011
E-mailmkyoon@kau.ac.kr",https://kau.ac.kr/web/pages/gc74039h.do,"the first semester
Classification: '23.1 January
2023.1.1 (Sunday): New Year's Day
2023. 1. 2 (Monday) to 6 (Fri): Intensive application to return to school
2023. 1. 2 (Monday) to 20 (Fri): Winter Seasonal Semester
2023. 1. 21 (Sat) to 23 (Mon) (1. 24 (Tue) Alternative Holidays): Lunar New Year

Classification: 2 February
February 2, 2023 (Thursday) to 3 (Friday): Register for a shopping cart class
February 9, 2023~10(Fri): Register for this course
February 13, 2023 (Monday) to 17 (Fri): Intensive application for leave of absence
February 20, 2023 (Monday) to 24 (Fri): Registration
February 24, 2023 (Fri): First-time degree ceremony (66th)
February 28, 2023 (Tue): Entrance ceremony for freshmen

Classification: 3 March
March 1, 2023 (Wednesday): March 3rd
March 2, 2023 (Thursday): School starts
2023. March 2 (Thursday) to 8 (Wednesday): Change of course registration
March 29, 2023 (Wednesday): Four weeks of class days

Classification: 4 April

Division: 5 May
May 5, 2023 (Fri): Children's Day
May 10, 2023 (Wednesday): 2/3 class days

Classification: 6 June
May 27, 2023 (Sunday): Buddha's Birthday
June 6, 2023 (Tuesday): Memorial Day
2023. June 8 (Thursday) to 14 (Wednesday): Reinforcement period
June 15, 2023 (Thursday) to 22 (Thursday): Final exam
June 16, 2023 (Fri): School anniversary (71st)

Classification: 7 Julie
July 3, 2023 (Monday) : Summer seasonal semester begins
July 3, 2023 (Monday) to 7 (Fri): Intensive application to return to school
July 21, 2023 (Fri): Summer seasonal semester ends

the second semester

August:
- 3rd (Thursday) to 4th (Friday): Register for a shopping cart class
- 10th (Thursday) to 11th (Friday): Register for this course
- 14th (Monday) to 18th (Fri): Intensive application for leave of absence
- 15th (Tue): Liberation Day
- 18th (Fri): Post-degree Award Ceremony (66th)
- 21st (Monday) to 25th (Fri): Registration period
- 28th (Monday): School starts

September:
- 28th (Monday) to 1st (Fri): Change course registration
- 24th (Sunday): 4 weeks of class days
- 28th (Thursday) to 30th (Saturday): Chuseok

October:
- 3rd (Tuesday): National Foundation Day
- 9th (Monday): Hangul Day

November:
- 5th ( )Day): 2/3 of the class days

December:
- 4th (Monday) to 8th (Fri): Reinforcement
- 11th (Monday) to 15th (Fri): Final exam
- 25th (Monday): Christmas
- 26th (Tue) to January 16th (Tue): Winter season semester

24.1 January:
- 1st (Monday): New Year's Day
- 8th (Monday) to 12th (Fri): Intensive application to return to school

24.February:
- 6th (Tue) to 7th (Wednesday): Register for a shopping cart course
- 9th (Fri) to 12th (Mon): Lunar New Year's Day
- 15th (Thursday) to 16th (Friday): Register for this course
- 14th (Wednesday) to 20th (Tuesday): Intensive application for leave of absence
- 23rd (Fri): Electricity degree ceremony (67th)
- 19th (Monday) to 23rd (Fri): Registration
- 29th (Thursday): Entrance ceremony for freshmen

Inquiry: Teacher Team/Yoon Mi-kyung
Phone number 02-300-0011
e-mailmkyoon@kau.ac.kr"
5.0,"수강지도 상담
1. 목적

학기개시 전 다음학기에 대한 수강계획 상담을 통해 학사지도 및 관리를 강화하고, 효율적인 학점 취득 추구

2. 대상

해당학기 수강예정 학부생 전원(※ 단, 학기별 신·편입생은 입학한 첫 학기에는 상담 대상이 아님)

3. 기간

학사공지 게시판을 통하여 학기별 별도 공지(1학기 1월중, 2학기 7월 중)

4. 상담방법

역량관리시스템 내 수강지도상담 메뉴 이용

메뉴 위치 : 종합정보시스템 하단 메뉴 &gt; 역량관리시스템 &gt; 통합상담 &gt; 지도교수상담 &gt; 수강지도상담
수강지도상담은 반드시 역량정보시스템 내 수강지도상담 메뉴를 통하여 진행하여야 하며, 기타방법(이메일, 전화 등)의 상담은 미인정

5. 상담절차

가. 수강지도상담 작성 : 학기별 개설된 전공과목 중 학생 본인이 듣고자 하는 과목의 '신청(학생)'란에 체크하여 신청. 본전공 외 교양, 다전공 관련 사항은 '전공외'란 및 '내용'란에 줄글로 기입
나. 상담내용 검토 : 학생의 수강상담 신청내역이 학생의 학사 진행에 적절한지 지도교수가 검토 후 승인 또는 반려
(반려 시 '가. 수강지도상담 작성' 재진행)

다. 수강지도상담 완료 : 학생의 수강지도상담 신청 내역을 지도교수가 승인할 경우 상담 완료

6. 상담대상 과목

대상학기 개설된 주전공 과목

기타 과목에 대한 수강계획은 '전공외'란에 이비력
본인 수강 가능 학점 내에서 상담과목 선택

7. 기타 주의사항

■ 수강지도 상담 미완료시 수강신청 불가
■ 수강지도상담 과목 신청이 수강신청을 의미하는 것은 아니며, 실제 수강신청시 과목별 수강제한인원이 초과된 경우 수강지도상담 시 신청한 과목을 수강신청하지 못할 수도 있음에 유의바람

성적 경고자 상담
1. 대상

직전학기 성적경고자(평점 1.8미만)

2. 시기

학부(과)별로 상이

3. 방법

가. 학부(과)사무실 통해 지도교수와의 상담일정 수립 및 상담일지 수령
나. 지도교수 상담
다. 학부(과)사무실로 상담일지 제출

4. 기타 안내

성적경고자 상담 미완료시 수강신청 불가

문의 : 교무팀/김현수
전화번호02-300-0364
E-mailkhs@kau.ac.kr",https://kau.ac.kr/web/pages/gc6309h.do,"Course guidance counseling
1. Purpose

Strengthen academic guidance and management through consultation on the course plan for the next semester before the start of the semester, and seek efficient credit acquisition

2. Target

All undergraduate students scheduled to take this semester ( ※ However, new and transferred students by semester are not eligible for counseling in the first semester of admission)

3. period

Separate notice for each semester through the academic bulletin board (in January of the first semester, in July of the second semester)

4. Consultation Method

Use of course guidance counseling menu in competency management system

Menu Location: Comprehensive Information System Bottom Menu &gt; Competency Management System &gt; Integrated Counseling &gt; Advisor Counseling &gt; Course Guidance Counseling
Course guidance counseling shall be conducted through the course guidance counseling menu within the competency information system, and counseling on other methods (email, telephone, etc.) shall be conducted Not recognized

5. Consultation procedures

go. Preparation of course guidance counseling: Apply by checking the 'Application (Student)' column of the subject you want to take among the major courses opened for each semester. Matters concerning education and multi-major in addition to the main major shall be entered in a row in the ""non-major"" and ""contents"" columns
I. Review of counseling contents: The advisor reviews whether the student's application for class counseling is appropriate for the student's academic progress and approves or rejects it
(Go for a companion poem). Re-proceeding 'Preparation of Course Guidance Counseling')

All. Completion of course guidance counseling: Consultation is completed when the advisor approves the student's application for course guidance counseling

6. Subjects subject to consultation

Subjects for the main course opened for the target semester

Course plans for other subjects in the 'Out-of-major' column
Select a consultation course within the credit available to you

7. Other precautions

■ Course registration is not possible if course guidance counseling is not completed
■ Application for course guidance counseling does not mean registration for classes, and if the number of students restricted for each subject is exceeded when actually registering for classes, it may not be possible to register for the courses applied for during course guidance counseling

Consultation with sexual warnings
1. Target

Performance grade of the previous semester (less than 1.8 rating)

2. the time

Different undergraduate departments

3. method

go. Establishment of consultation schedule with supervisor through undergraduate (department) office and receipt of consultation journal
I. counseling with one's supervisor
All. Submit a consultation journal to the undergraduate (department) office

4. Other Instructions

Course cannot be registered if consultation for grade competitors is not completed

Inquiry: Teacher's Team/Kim Hyunsoo
Phone number 02-300-0364
e-mailkhs@kau.ac.kr"
6.0,"재수강
1. 재수강 요건

가. 기 취득 성적이 C+ 이하로서,  (취득성적 없을 경우 재수강 불가)
나. 해당학기 해당과목 또는 대체과목이 개설된 경우

2. 재수강시 제한사항

가. 신청가능 학점 : 학기당 수강신청 가능학점(18학점) 내에서 제한 없이 신청가능
나. 동일과목 재수강 제한횟수 : 2회(단, 필수과목은 예외)
다. 취득 상한 학점 : 최초재수강 A0, 재수강과목을 다시 수강할 경우 B+

3. 재수강 성적의 처리

가. 새로 취득한 학점의 처리가 완료된 후 기취득학점의 성적은 R(Retake)로 대체됨.
나. 새로 취득한 학점은 수강학기 성적에 포함됨

4. 재수강 대체 과목 확인 방법

수강신청 페이지 - 재수강/대체과목조회 또는 종합정보시스템 - 학사시스템 - 강좌정보 - 대체교과목조회

문의 : 교무팀/김현수
전화번호02-300-0364
E-mailkhs@kau.ac.kr",https://kau.ac.kr/web/pages/gc61422h.do,"Course retake
1. re-take requirements

go. The previous acquisition result is C+ or less, (If there is no acquisition result, re-lecture cannot be made)
I. Where the relevant course or alternative course for the relevant semester has been established

2. Restrictions for retaking classes

go. Applicable credit: You can apply without restriction within the available credit (18 credits) per semester
I. Restricted number of retaking the same course: 2 times (except for required courses)
All. Acquisition upper limit credit: First retake A0, B+ if you take the retake course again

3. Processing of retake grades

go. After the processing of the newly acquired credits is completed, the grades of the acquired credits are replaced by R (Retake).
B. Newly acquired credits are included in the semester grades

4. How to check alternative courses for retaking classes

Course Registration Page - Re-take/Alternative Course Inquiry or Comprehensive Information System - Academic System - Course Information - Alternative Course Inquiry

Inquiry: Teacher's Team/Kim Hyunsoo
Phone number 02-300-0364
e-mailkhs@kau.ac.kr"
7.0,"폐강
1. 폐강 기준

가. 수강신청 인원이 전공 10명, 교양 20명 미만인 경우 해당 강의는 폐강함 (학칙 시행세칙 제 8조 6항에 의거)
나. 수강신청 인원이 기준인원에 미달하더라도, 폐강 예외과목에 해당할 경우 폐강치 않을 수 있음

2. 폐강 절차

가. 폐강 예상교과목 공고

수강정정기간 첫날 6시 이후 폐강이 예상되는 교과목을 공고하여 수강생들이 자율적으로 수강내역을 조정할 수 있도록 한다.
단, 이 때 폐강예정과목은 당일 14시 당시의 수강인원을 기준으로 한다.

나. 폐강 공고 : 수강정정 기간 종료 후, 폐강기준에 해당하는 과목들을 공고하고 폐강처리한다.

문의 : 교무팀/김현수
전화번호02-300-0364
E-mailkhs@kau.ac.kr",https://kau.ac.kr/web/pages/gc84448h.do,"an abandoned steel
1. closed steel standard

go. If the number of applicants for the course is less than 10 majors or 20 liberal arts students, the relevant lecture is closed (in accordance with Article 8, Paragraph 6 of the Enforcement Rules of the School Rules)
I. Even if the number of applicants for classes falls short of the standard number of people, they may not be closed if they fall under the exception of closed lectures

2. closing procedure

go. Announcement of expected closing courses

The course that is expected to be closed after 6 o'clock on the first day of the course correction period shall be announced so that students can voluntarily adjust their course details.
Provided, That at this time, the subjects scheduled to be closed shall be based on the number of participants at 14:00 on the day.

B. Announcement of closure: After the completion of the course correction period, the subjects that meet the criteria for closure are announced and closed.

Inquiry: Teacher's Team/Kim Hyunsoo
Phone number 02-300-0364
e-mailkhs@kau.ac.kr"
8.0,"사회봉사 과목이수안내
1. 사회봉사 이수방법

이론교육(4시간) + 봉사활동(34시간 이상)

2. 사회봉사 운영
이수구분 : 교양 선택
학점인정 : 1학점
비고 : “P”(Pass), “NP”(Non-Pass)

※ 수강신청 시 본인 최대수강신청 학점에 미포함
※ 재학 중 1회 1학점씩 총 2회 2학점까지 이수 가능
※ 성적산출시 취득학점에 포함, 평점평균 산정에 미포함
※ 연속 2회 “NP”일 경우 수강신청 불가

3. 사회봉사활동 인정기간

수강신청 직전학기 기말시험 시작일 ~ 수강신청 학기 기말시험 전까지(※ 헌혈은 기간제한 없음)

4. 사회봉사활동 기관 인정 범위

가. 시·도 및 시·군·구 자원봉사센터, 청소년활동진흥센터, 기타 사회복지관, 지역아동센터, 사회복지법인 사회복지봉사활동인증관리(VMS) 및
1365자원봉사포털에 등록되어 ‘사회복지 봉사활동 실적 인증서(VMS)’ 및 ‘자원봉사활동 확인서(1365)’가 출력되는 기관

VMS 출력 시 필히 ‘봉사자 실적 내역정보’ 출력하여 제출

니. 비영리민간단체(봉사활동확인서 제출 시 ‘비영리민간단체등록증’ 사본 첨부)

다. 해외봉사 : 인증된 국제 NGO단체

NGO(Non-Governmental Organization 비정부기구)는 지역-국가-국제적으로 조직된 자발적인 비영리 시민단체

라. 자원봉사센터 및 시민단체와 연계하여 하는 농촌봉사활동

마. 총학생회 주관 자원봉사

1학기 : 항공산타, 신입생새로배움터, 은익제 등
2학기 : 항공제, 하계방학 중 실시 한 사회봉사활동 등

바. 기타 부서 주관 대외행사 및 교내 자원봉사

입학관리팀 ‘모교입시 설명회’, 국제교류부 ‘Global-Buddy’, 항공우주박물관 ‘안내봉사’ 등

사. 헌혈활동 : 헌혈증 제출

1회 기준 4시간 인정
1학기 최대 2회(8시간)까지만 인정
추후 본교 재학생 중 필요한 학생 및 저소득층, 백혈병 소아암 협회, 관련 사회복지기관 등에게'항공대 재학생' 이름으로 기증

5. 사회봉사활동 미인정 범위

가. 공공기관, 행정기관에서의 봉사활동

공공기관 : 주민센터(구. 동사무소), 시.도.군.구청, 경찰서, 세무서, 소방서, 우체국 등
정부행정기관 : 국세청, 법원, 감사원, 국회 등

나. 도서관(단, 시각장애인을 위한 점자도서관은 인정), 어린이집, 경로당, 종교관련 봉사활동
다. 시·군·구 개최, 지역 개최 봉사활동(단, 교육과학기술부에서 공문화 되어 온 봉사활동은 인정)
라. 제출기간까지 봉사활동확인서가 미발급되거나 기간 및 시간이 정확히 기재되지 않은 봉사활동
(예 : 중앙일보 '공부의 신')

6. 제출서류

가. “사회봉사”과목 학점인정 서류

수강신청 전원 제출, 미제출시 학점인정 안됨
본교 총학생회 주관 자봉단 활동 시에도 제출

나. 사회봉사활동확인서(봉사활동을 실시한 기관에 양식이 없을 경우 사용)

7. 유의사항

가. 필히 ‘이론교육’ 4시간을 이수해야 봉사활동확인서 제출 시 학점 인정
나. 봉사활동 확인서는 원본을 제출하여야 하며, 제출한 서류는 일체 반환하지 않음
다. 봉사활동 확인서 수정 금지 (수정 시 담당자 날인이 없을 경우 무효 처리)
* 문의사항 : 02-300-0014

문의 : 교무팀
전화번호 : 02-300-0014
E-mail : mjkwak@kau.ac.kr",https://kau.ac.kr/web/pages/gc18564h.do,"social service course completion guide
1. How to complete community service

Theoretical training (4 hours) + volunteer work (34 hours or more)

2. community service operation
Classification of completion: Select liberal arts
Credit recognition: 1 credit
비고 : “P”(Pass), “NP”(Non-Pass)

※ When registering for a class, you are not included in your maximum enrollment
※ You can take up to two credits, one credit once while attending school
※ Included in the acquisition credit when calculating grades, not included in the average calculation of grades
※ Unable to register for classes if it is ""NP"" twice in a row

3. Period of recognition of community service activities

The start date of the final examination of the semester immediately before the course registration until the final examination of the semester ( ※ There is no period limit for blood donation)

4. Scope of Recognition of Community Service Agencies

go. Si/Do, Si/Gun/Gu volunteer service centers, youth activity promotion centers, other social welfare centers, local children's centers, social welfare corporation social welfare service activity certification management (VMS), and
An institution registered in the 1365 Volunteer Portal and printed with the 'Social Welfare Volunteer Activity Performance Certificate (VMS)' and 'Volunteer Activity Confirmation Certificate (1365)'

Print and submit 'Volunteer Performance Details' when printing VMS

You. Non-profit private organizations (attached with a copy of the 'non-profit private organization registration certificate' when submitting a confirmation of volunteer activities)

All. Overseas Service: Certified International NGO Organization

Non-Governmental Organization Non-Governmental Organizations (NGOs) are voluntary non-profit civic groups organized locally, nationally and internationally

La. Rural volunteer activities in connection with volunteer service centers and civic groups

bad luck. Volunteer work organized by the student council

1st Semester: Aviation Santa, Freshman Learning Center, Eunikje, etc
2nd Semester: Air flight, community service activities conducted during summer vacation, etc

Bar. Other department-organized external events and in-school volunteer work

Admissions Management Team's ""Informational Meeting on Entrance Entrance to Alma mater,"" the Ministry of International Exchange's ""Global-Buddy,"" and the Aerospace Museum's ""Information Service.""

Buy. Blood Donation Activities: Submitting a Blood Donation Certificate

4 hours per time
Only up to two times (8 hours) in the first semester
In the future, donation under the name of ""Airlines University Student"" to students in need, low-income families, leukemia childhood cancer associations, and related social welfare institutions

5. Scope of non-recognition of community service activities

go. volunteer work at public and administrative agencies

Public Institution: Community Center (formerly Dong Office), city, province, county.District offices, police stations, tax offices, fire stations, post offices, etc
Government administrative agencies: IRS, courts, Board of Audit and Inspection, National Assembly, etc

I. Library (however, braille libraries for the visually impaired are recognized), daycare centers, senior citizen centers, and religious-related volunteer activities
All. Volunteer activities held in Si/Gun/Gu and held in the region (However, volunteer activities that have been officially recognized by the Ministry of Education, Science and Technology)
La. Volunteer activities in which the confirmation of volunteer activities has not been issued or the period and time are not accurately stated by the submission period
(e.g., JoongAng Ilbo 'God of Study')

6. Submission documents

go. ""Community Service"" course credit recognition documents

Grades are not recognized if all course applications are submitted or not submitted
Submitted during the activities of the voluntary group organized by the student council of this school

I. Confirmation of community service activities (used if there is no form at the institution that conducted the volunteer work)

7. Precautions

go. Grades are recognized when submitting a volunteer activity confirmation only after completing four hours of 'theoretical training'
I. A written confirmation of volunteer activities shall be submitted, and all documents submitted shall not be returned
All. Prohibition of modification of volunteer activity confirmation (If there is no signature of the person in charge at the time of modification, it will be invalidated)
* Inquiries: 02-300-0014

Inquiry: Teacher's team
Phone number: 02-300-0014
E-mail : mjkwak@kau.ac.kr"
9.0,"강의평가
1. 목적

가. 강의에 대한 feedback 통해 강의의 질적 향상 도모
나. 외부교원 재임용시 평가 자료로 활용
다. 교원 업적평가 자료로 활용

2. 시기

정규학기 : 매학기 강의종료달 (6월, 12월) 1일부터 성적확인기간 종료시까지
계절학기 : 학기 마지막 주부터 성적확인기간 종료시까지

3. 대상강좌

해당 학기 전체 개설강좌 (단, 공학인증 강좌는 일반 강의평가뿐 아니라, 공학인증 강의평가도 수행함)

4. 방법

종합정보시스템 - 강좌정보 - 강의평가 메뉴 이용
※ 수강한 전체 과목에 대한 강의평가를 완료하지 않을 경우, 해당학기 성적 조회 불가

5. 강의평가 결과 확인

종합정보시스템 강좌정보 ""강의시간표및 계획서""의 강의계획서 내에 전년 동기 강의평가 확인 가능

6. 참고사항

강의평가 응답내용은 익명으로 집계되며 응답자에 대한 비밀이 철저하게 보장됨

문의 : 교무팀/김현수
전화번호02-300-0364
E-mailkhs@kau.ac.kr",https://kau.ac.kr/web/pages/gc21891h.do,"Lecture evaluation
1. Purpose

go. Improve the quality of lectures through feedback on lectures
I. Use it as evaluation data when re-applying to outside teachers
All. Use as data for evaluating teacher achievements

2. the time

Regular semester: From the end of each semester's lecture month (June, December) to the end of the grade verification period
Seasonal Semester: From the last week of the semester to the end of the grade verification period

3. Subject Lectures course

Full courses for the semester (however, engineering certification courses are not only evaluated for general lectures, but also evaluated for engineering certification)

4. method

Comprehensive Information System - Course Information - Using Lecture Evaluation Menu
※ If you do not complete the lecture evaluation for all the subjects you have taken, you cannot check your grades for the relevant semester

5. Check the course evaluation results

Comprehensive information system lecture information ""Lesson Timeline and Plan"" lecture plan can be checked for lecture evaluation during the same period of last year

6. Notes

Lecture evaluation responses are counted anonymously and confidentiality of respondents is thoroughly guaranteed

Inquiry: Teacher's Team/Kim Hyunsoo
Phone number 02-300-0364
e-mailkhs@kau.ac.kr"
10.0,"휴학
1. 휴학기간 및 제출서류
구분 : 일반
휴학기간 : 
1. 신입생
1회에 1년(2개 학기)
4년까지 신청 가능
2. 편입생
1회에 1년(2개 학기)
2년까지 신청 가능
제출서류 : 제출 서류 없음 (단, 입영휴학 후 일반휴학으로 연장신청 시 전역증빙서류 제출)
비고 : 전역증빙서류 (전역증사본, 전역일자가 기입된 주민등록초본, 병적증명서 중 택 1)

구분 : 입영
휴학기간 : 의무 복무 기간
제출서류 : 입대증빙서류 (입영통지서, 복무확인서 등 입영일자가 명시되어 있는 서류)
비고 : 입영 후 귀향조치 된 자는 즉시 복학 또는 일반휴학 수속을 필해야 함

구분 : 질병
휴학기간 : 
제출서류 : 4주 이상 입원치료가 필요함을 증빙할 수 있는 종합병원 진단서 또는 이에 상응하는 의사 소견서
비고 : 

구분 : 창업
휴학기간 : 1회 1년, 총 2년 가능 (2년까지 신청 가능)
제출서류 : 사업계획서, 기타 창업관련 증빙서류
비고 : 대학일자리센터에 신청기간 및 신청자격 확인 후 신청가능

구분 : 육아
휴학기간 : 1회 1년, 총 2년 가능 (2년까지 신청 가능)
제출서류 : 주민등록등본, 임신확인서
비고 :

일반휴학 신청은 1년 단위로 신청 가능함 (단, 1개 학기 휴학을 원할 경우 조기복학 가능)입영, 창업, 질병, 육아휴학은 일반휴학 기간에 포함되지 않음
신입생은 입영휴학, 질병휴학, 육아휴학을 제외하고는 첫 학기 휴학 신청 불가함휴학 기간 만료 후, 휴학기간을 연장하고자 하는 경우 휴학연장 신청을 해야 함(휴학연장 신청을 하지 않는 경우, 미복학 제적처리 됨)

2. 휴학 신청 기간

매년 2월 또는 8월부터 휴학신청이 가능하며, 자세한 일정은 학사공지 ‘휴학안내’ 참고
수업일수 2/3선 이후에는 일반휴학 신청 불가(단, 입영 휴학은 기간에 상관없이 신청 가능하나 수업일수 11주 지나 휴학한 경우에는 해당학기 이수처리 됨)

3. 휴학 신청 방법
구분 : 인터넷 신청
신청방법 : [종합정보시스템] - [학사정보] - [휴복학신청]
비고 : 수업일수 4주선까지 신청 가능

구분 : 메일 및 팩스 신청
신청방법 : 이메일: kyomu@kau.ac.kr, 팩스 : 02-300-0380
비고 : 휴학신청서 및 증빙서류 제출

구분 : 방문 신청
신청방법 : 본관 108호 교무팀 방문 후, 신청 가능
비고 : 증빙서류 지참
※수업일수 4주선까지 인터넷 신청 가능하며 이후부터는 메일, 팩스, 방문신청만 가능 

                               
4. 휴학승인 확인
                                
[종합정보시스템]- [학사정보] - [개인정보] - [개인신상] - [학적변동]에서 확인가능

5. 등록금 반환
구분 : 등록금처리
수업일수 4주선 이전 휴학 : 납부한 등록금은 복학학기 등록금으로 대체됨, 환불 요청 시 반환기준에 따라 반환됨

구분 : 수업일수 4주선 지나 휴학
수업일수 4주선 지나 휴학 - 일반휴학자 : 재무팀에 별도로 등록금 환불 신청해야 하며, 반환기준에 따라 반환됨, 입영휴학자 : 등록금은 복학학기 등록금으로 대체됨

※ 등록금 반환 기준
반환 기준 : 학기개시일 이전
반환액 : 등록금 전액 반환

반환 기준 : 학기개시일부터 30일까지
반환액 : 등록금의 5/6 반환

반환 기준 : 학기개시일에서 30일이 지난날부터 60일까지
반환액 : 등록금의 2/3 반환

반환 기준 : 학기개시일에서 60일이 지난날부터 90일까지
반환액 : 등록금의 1/2 반환

반환 기준 : 학기개시일에서 90일이 지난 날
반환액 : 반환 불가

6. 참고사항

도서 미납자는 휴학 불가
휴학신청 시 등록금 납부는 선택사항임 (납부한 등록금은 복학학기 등록금으로 대체됨) 단, 장학생으로 선발된 학생이 미등록 휴학을 하게 되면 장학금을 수혜 받을 수 없음(휴학 신청 전 장학금 관련 사항 학생지원팀으로 문의)

7. 일반·군휴학원 양식

바로가기",https://kau.ac.kr/web/pages/gc86171h.do,"leave of absence
1. Period of leave of absence and documents to be submitted
Classification: General
Period of leave of absence: 
1. a freshman
1 year at a time (2 semesters)
Applicable for up to 4 years
2. transfer student
1 year at a time (2 semesters)
Applicable for up to 2 years
Documents to be submitted: No documents to be submitted (However, if you apply for an extension to a general leave of absence after entering the military, you will submit a document of proof of discharge)
Remarks: Discharge evidence documents (Select 1 from a copy of the discharge certificate, an abstract of resident registration with the discharge date entered, and a logistical certificate)

Classification: Joining the army
Period of leave of absence: mandatory service period
Documents to be submitted: Documents of proof of enlistment (documents stating the date of enlistment, such as notice of enlistment, confirmation of service, etc.)
NOTE: Those who are returned home after entering the military must immediately complete the procedure for returning to school or taking a general leave of absence

Classification: Disease
Period of leave of absence: 
Submission: Inpatient treatment for more than 4 weeks A general hospital medical certificate or a doctor's note corresponding thereto that can prove necessary
Remarks: 

Classification: Start-up
Period of leave of absence: One year per time, a total of two years can be applied (up to two years)
Documents to be submitted: Business plan and other supporting documents related to start-ups
Note: You can apply after checking the application period and eligibility at the University Job Center

Classification: Parenting
Period of leave of absence: One year per time, a total of two years can be applied (up to two years)
Documents to be submitted: A copy of resident registration, pregnancy confirmation
Remarks:

Applications for general leave of absence can be applied on a yearly basis (however, if you want to take a semester off, you can return to school early) Admission, start-up, illness, and parental leave of absence are not included in the general leave of absence
Freshmen cannot apply for a leave of absence for the first semester except for a leave of absence from school, a leave of absence from illness, and a leave of absence from childcareIf you want to extend the leave of absence after the expiration of the leave of absence, you must apply for an extension of the leave of absence (if you do not apply for an extension of the leave of absence, you will be excluded from school)

2. the period of application for leave of absence

It is possible to apply for a leave of absence from February or August every year, and for a detailed schedule, refer to the academic notice ""Information on Leave of absence""
Applications for general leave of absence after 2/3 of the class days are not allowed. (However, if you take a leave of absence from school regardless of the period, you can apply for it, but if you take a leave of absence after 11 weeks, the relevant semester will be completed.)

3. How to apply for a leave of absence
Classification: Apply for the Internet
Application method: [Comprehensive Information System] - [Academic Information] - [Application for Vacation]
Note: Applications can be made up to 4 weeks of class days

Categorizing: Apply for Mail and Fax
How to apply: Email: kymu@kau.ac.kr , Fax: 02-300-0380
Remarks: Application for leave of absence and submission of supporting documents

Classification: Request a visit
How to apply: You can apply after visiting the school affairs team in Room 108 of the main building
Note: Bring the documentary evidence
※You can apply online for up to four weeks of class days, and from then on, you can only apply by mail, fax, and visit 

                               
4. Confirmation of leave of absence
                                
[Comprehensive Information System] - [Academic Information] - [Personal Information] - [Personal Information] - [Academic Changes]

5. Returning tuition fees
Classification: Tuition processing
Leave of absence before the 4th week of class: The tuition paid will be replaced by the tuition for the return semester, and will be returned according to the return criteria when requested for a refund

Classification: Take a leave of absence after 4 weeks of class days
Taking a leave of absence after 4 weeks of class days - General leave of absence: Separately to the finance team, etcYou must apply for a refund of the lock money, and it is returned according to the criteria for return, students on leave of absence from military service: The tuition fee is replaced by the tuition fee for the return semester

※ Tuition Return Criteria
Return criteria: Before the start date of the semester
Return amount: Full refund of tuition fee

Return criteria: From the start of the semester to the 30th
Return amount: 5/6 return of tuition fee

Return criteria: From the date of the start of the semester to the 60th day after 30 days
Return amount: 2/3 of the tuition fee

Return criteria: 60 days from the start of the semester to 90 days
Return amount: 1/2 of the tuition fee

Return criteria: 90 days after the start of the semester
Return amount: Non-returnable

6. Notes

Those who do not pay books are not allowed to take a leave of absence
Payment of tuition fees is optional when applying for a leave of absence (the tuition paid will be replaced by the tuition for the return-to-school semester) However, if a student selected as a scholarship student takes an unregistered leave of absence from school, he/she cannot receive a scholarship (contact the Student Support Team on matters related to scholarships before applying for leave of absence)

7. General/military leave of absence form

Shortcut"
11.0,"복학
1. 복학 제출서류
구분 : 일반복학
제출서류 : 제출서류 없음

구분 : 제대복학
제출서류 : 전역증빙서류 1부 (전역증사본, 전역일자가 기입된 주민등록초본, 병적증명서 중 택 1)
비고 : 수업일수 4주(3월29일) 이후 제대예정자는 소속부대장(부서장) 수학허가원 제출

구분 : 조기복학
제출서류 : 휴학기간 만료 전 학기를 앞당겨 복학하는 것으로 조기복학동의서 제출 (전역 후, 복학자는 조기복학동의서와 전역증빙서류 제출)
비고 : 인터넷신청 시에는 '조기복학동의서' 제출할 필요 없음 (웹상에서 동의서 확인 후 제출)

2. 복학 신청 기간

매년 1월 또는 7월부터 복학신청이 가능하며, 자세한 일정은 학사공지 ‘복학안내’ 참고
매학기 수업개시 4주 이내에 복학 신청 가능

3. 복학 신청 방법
구분 : 인터넷 신청
신청방법 : [종합정보시스템] - [학사정보] - [휴복학신청]
비고 : 증빙서류는 메일 또는 팩스로 제출

구분 : 메일 및 팩스 신청
신청방법 : 이메일: kyomu@kau.ac.kr, 팩스 : 02-300-0380
비고 : 복학신청서 및 증빙서류 제출

구분 : 방문 신청
신청방법 : 본관 108호 교무팀 방문 후, 신청 가능
비고 : 증빙서류 지참
4. 복학승인 확인[종합정보시스템] - [학사정보] - [개인정보] - [개인신상] - [학적변동]에서 확인가능

5. 참고사항

복학예정학기에 복학을 하지 않는 자는 미복학 제적 처리됨(휴학을 연장하고자 하는 경우, 별도로 휴학 연장신청을 해야 함)
입영 후 귀향조치 된 자는 즉시 복학 또는 일반휴학 신청을 해야 함

6. 복학원 양식

바로가기

문의 : 교무팀/김민경
전화번호02-300-0457
E-mail: kyomu@kau.ac.kr",https://kau.ac.kr/web/pages/gc86171h.do,"going back to school
1. a return-to-school submission
Classification: General return to school
Submission documents: No submission documents

Classification: Returning to the army
Documents to be submitted: 1 copy of the discharge evidence (Select 1 from among a copy of the discharge certificate, an abstract of resident registration with the discharge date entered, and a logistical certificate)
Note: Those who are scheduled to be discharged after 4 weeks of class days (March 29) submit a math permit for the head of the affiliated department (department)

Classification: Early return to school
Documents to be submitted: Submit an early return to school consent by returning to school earlier than the semester before the end of the leave of absence. (After discharge, the returning student submits an early return to school consent and proof of discharge)
Note: No need to submit 'Early Return to School Consent' when applying on the Internet (submit after confirming the consent form on the web)

2. application period for returning to school

You can apply for a return to school from January or July every year, and the detailed schedule is a academic noticeSee 'Guidance'
Applications can be made to return to school within 4 weeks of the start of each semester

3. How to apply for a return to school
Classification: Apply for the Internet
Application method: [Comprehensive Information System] - [Academic Information] - [Application for Vacation]
Note: Evidence documents are submitted by mail or fax

Categorizing: Apply for Mail and Fax
How to apply: Email: kymu@kau.ac.kr , Fax: 02-300-0380
Remarks: Submission of application for return to school and supporting documents

Classification: Request a visit
How to apply: You can apply after visiting the school affairs team in Room 108 of the main building
Note: Bring the documentary evidence
4. Confirmation of school return approval [Comprehensive Information System] - [Haksa Information] - [Personal Information] - [Personal Information] - [Academic Changes]

5. Notes

Those who do not return to school in the semester scheduled to return to school will be unaccompanied (if they wish to extend their leave of absence, they must apply for an extension of their leave of absence separately.)
A person who has been returned home after entering the military must immediately apply for a return to school or a general leave of absence

6. a return-to-school style

Shortcut

Inquiry: Teacher's team/Kim Min-kyung
Phone Number 02-300-0457
E-mail: kyomu@kau.ac.kr"
12.0,"학기재수 신청 안내
1. 신청대상

해당학기 재학생 중 학기말 성적 평균평점이 1.80 미만인 자
학기당 3과목 이상의 성적이 F인 자
※ 휴학생은 신청 전 복학신청을 해야 함

2. 신청기간 및 방법

매학기 소정 기간 내(1학기는 1월 중, 2학기는 7월중 신청)
자세한 일정은 학사공지 ‘학기재수 신청안내’ 참고

학기재수 신청서를 작성한 후 소속 학부(과)를 경유, 교무팀(본관 108호)에 제출
학기재수 신청은 보호자 동의가 필수

3. 제출서류 및 제출처

제출서류 : 학기재수 신청서 1부, 성적증명서 1부
제출처 : 교무팀(본관 108호)

4. 참고사항

학기재수 신청자는 신청학기의 등록금을 납부하고 해당 학기를 재이수해야 함
학기재수는 성적 취득 최종학기를 포함하여 1개 학기 또는 2개 학기까지 신청 가능
(최종학기를 건너뛰고 본인이 원하는 학기만 학기재수 신청은 불가)

성적경고 상담대상자의 경우 학기재수 신청을 하여도 성적경고 상담은 반드시 실시해야 함
성적 경고 학기를 재이수하는 경우 성적경고 횟수에서 제외
학기재수 신청한 학기의 재수강 과목은 재수강 무효화 처리됨
(재수강하여 Retake된 과목의 성적은 기 취득 성적으로 변경됨)

6. 학기재수 관련 양식

학기재수 신청원 양식

문의 : 교무팀/김민경
전화번호02-300-0457
E-mail:  kyomu@kau.ac.kr",https://kau.ac.kr/web/pages/gc1021h.do,"Information on the application for re-taking the semester
1. Subject to application

A person who has an average grade score of less than 1.80 at the end of the semester among students enrolled in the relevant semester
A person with an F grade of at least three subjects per semester
※ Students on leave of absence must apply for return to school before applying

2. Application period and method

Within the prescribed period of each semester (apply in January for the first semester and July for the second semester)
For a detailed schedule, please refer to the academic notice 'Information on Application for Resumption of Semester'

After completing the application for re-examination of the semester, submit it to the school affairs team (Head Office No. 108) via the undergraduate department (Department)
Guardian consent is required to apply for re-take of the semester

3. Submission documents and where to submit them

Documents to be submitted: One application for retaking the semester, one copy of the transcript
Where to submit: School affairs team (Head Office No. 108)

4. Notes

Applicants who apply for re-examination of the semester must pay the tuition fee of the application semester and re-examine the relevant semester a ship in the background
Students can apply for one or two semesters including the final semester of grade acquisition
(You can't apply for another semester only if you want to skip the final semester.)

In the case of those eligible for grade warning counseling, even if they apply for a second term, they must provide grade warning counseling
Excluded from the number of grade warnings when re-taking a grade warning semester
Re-take courses for the semester that you applied for re-take will be invalidated
(The grades of subjects retaken by retaking will be changed to pre-acquired grades)

6. Form related to semester re-examination

Semester Retirement Application Form

Inquiry: Teacher's team/Kim Min-kyung
Phone Number 02-300-0457
E-mail:  kyomu@kau.ac.kr"
13.0,"조기졸업 신청 안내
1. 신청대상자

2012학번 이전 : 본교 2학년(70학점이상 이수자) 수료한 재학생
2013학번 이후 : 본교 2학년(65학점이상 이수자) 수료한 재학생
2학년 수료 후 매학기 소정기간내 신청.  졸업시 전학년 통산 평점평균 4.0이상 가능자(학사경고자는 신청 불가).졸업하고자 하는 당해학기는 신청 불가(7학기 진입 전 신청해야 함 , 7학기 이수중에는 신청불가)

2. 신청기간

매학기 소정 기간내(1월/7월)

3. 신청절차

조기졸업신청원을 작성한 후 신청기간 내에 교무팀(본관108호)에 제출.

4. 조기졸업요건

본 대학에서 6학기 이상 등록을 필하고 졸업소요 학점 및 졸업요건을 충족하여야 하며 전학년 통산 평점 평균 4.0이상 이어야 함.

5. 복수전공 관련 양식

조기졸업 신청원 양식

문의 : 교무팀/김민경
전화번호02-300-0457
E-mail: kyomu@kau.ac.kr",https://kau.ac.kr/web/pages/gc78248h.do,"Early Graduation Application Guide
1. Subject to application

2012 school number transfer: Students who have completed the second year of this school (those who have completed 70 or more credits)
After 2013: Students who have completed the 2nd year of this school (65 credits or more)
Application within a prescribed period of each semester after completing the second grade.  Those who have an average score of 4.0 or higher for all grades at graduation (academic warnings cannot apply).Applications are not allowed for the relevant semester to graduate (requires application before entering the 7th semester, and cannot be applied during the completion of the 7th semester)

2. Application period

Within the prescribed period of each semester (January/July)

3. Application procedures

After completing the application for early graduation, submit it to the school affairs team (main building No. 108) within the application period.

4. Early Graduation Requirements

The university must complete registration for at least 6 semesters, meet graduation requirements, and have an average score of 4.0 or higher for all grades.

5. Double major related forms

Early Graduation Application Form

Inquiry: Teacher's team/Kim Min-kyung
Phone Number 02-300-0457
E-mail: kyomu@kau.ac.kr"
14.0,"재입학
제적

재입학 신청 안내
1. 신청대상

자퇴 또는 제적된 자가 재입학을 원할 경우, 정원여석이 있을 경우 1회에 한하여 허가할 수 있음
(단, 2011년 이전 입학생은 제외)
타교에 적을 둔 자는 재입학을 신청할 수 없음
자퇴, 징계퇴학자, 연속 3회 성적경고 제적자는 제적된 후 1년 이상이 경과되어야 재입학 신청 가능
2. 신청기간

매학기 소정 기간 내(1학기는 12~1월 중, 2학기는 6~7월중 신청)
자세한 일정은 학사공지 ‘재입학 신청안내’ 참고

3. 제출서류 및 제출처

제출서류 : 재입학 신청서 1부, 재입학 사유서 1부
제출처 : 교무팀(본관 108호)

4. 재입학 절차

재입학신청서 제출(교무팀) → 학부(과) 재입학 심의 → 심사결과개별통보 → 허가자 등록금 납부 → 수강상담 및 수강신청

5. 참고사항

재입학 허가 학기는 학부(과) 심의를 거쳐 정해짐(원하는 학기로 재입학 불가)
재입학 허가학년 학기에 따라 이전 성적은 무효처리됨
ex) 3학년 2학기 이수 후 제적자가 3학년 1학기로 재입학 허가된 경우 → 3학년 1,2학기 성적은 무효처리됨

무효처리된 학기에 재수강하여 Retake된 과목의 성적은 기 취득 성적으로 변경됨

6. 신청서 양식

재입학 신청원 양식

제적 안내
1. 제적대상

미복학자(휴학기간 만료 후, 해당학기 수업개시 4주가 넘도록 복학하지 아니한 자)
미등록자(매학기 소정 기일 내에 등록하지 아니한 자)
타교에 적을 둔 자
재학연한(16학기) 내에 소정의 과정을 이수하지 못한 자(편입생은 8학기)
자퇴 또는 징계에 의하여 퇴학 처리된 자성적경고 연속3회에 따른 학업관리 지도를 받고 도래하는 첫 학기에 성적경고를 받은 자

2. 자퇴신청 절차(방문신청만 가능)

1) 신청서 작성 → 양식은 하단 서식 다운 또는 교무팀에 비치되어 있음    2) 지도교수 및 소속 학부(과)장 상담 →상담 후 양식의 지도교수, 학부(과)장 란에 각각 날인받음       ※ 상담은 담당교수님께 개별 연락하여 일정을 잡아야 함 (관련 문의는 소속 학과사무실에 문의)    3) 등록금ㆍ장학사항 확인 → 재무팀, 학생지원팀 각각 방문하여 양식에 날인받음     4) 신청서 제출(교무팀)  → 보호자 동의 후 자퇴승인

※ 교무팀(본관 108호) / 재무팀(본관 204호) / 학생지원팀(학생회관 205호)

3. 참고사항자퇴시 등록금 반환은 '대학 등록금 운영에 관한 규정'에 의거 반환처리됨장학생으로 선발된 학생이 해당학기 미이수 후 자퇴 시, 장학금 전액 반환하여야 함(등록금 반환 : 재무팀 02-300-0032 / 장학금 관련 : 학생지원팀 02-300-0023)
4. 관련서식

자퇴신청원 양식

문의 : 교무팀/김민경
전화번호02-300-0457
E-mail: kyomu@kau.ac.kr",https://kau.ac.kr/web/pages/gc63682h.do,"Re-admission
expulsion

Re-entry application information
1. Subject to application

Where a person who has dropped out or been expelled wishes to re-enter the school, permission may be granted only once if there is an extra capacity
(However, students before 2011 are excluded)
A person who has entered another school cannot apply for re-entry
Dropouts, disciplinary dropouts, and three consecutive grade warnings must be expelled more than one year after being expelled to apply for re-entry
2. Application period

Within the prescribed period of each semester (apply between December and January for the first semester and June and July for the second semester)
For a detailed schedule, refer to the academic notice 'Re-entry Application Guide'

3. Submission documents and where to submit them

Documents to be submitted: One copy of the re-admission application form and one copy of the reason for re-admission
Where to submit: School affairs team (Head Office No. 108)

4. re-admission procedures

Submission of application for re-entry (teaching team) → CraneDepartment (department) Re-admission deliberation → Individual notification of examination results → Payment of tuition fees for licensees → Course counseling and course registration

5. Notes

Re-admission semester will be decided after undergraduate (department) deliberation (re-admission is not allowed as desired semester)
Re-entry Permit Previous grades are invalidated according to the semester of the school year
ex) If the expulsion is allowed to re-enter the first semester of the third year after completing the second semester of the third year → The grades for the first and second semesters of the third year are invalidated

The grades of subjects retaken by retaking classes in the nullified semester will be changed to pre-acquired grades

6. Application Form

Re-entry Application Form

Deportation Guide
1. subject of expulsion

Unretired student (a person who has not returned to school more than four weeks after the expiration of the leave of absence)
Unregistered person (a person who has not registered within the prescribed date of each semester))
an enemy in a foreign school
A person who fails to complete a prescribed course within the enrollment period (16 semesters) (8 semesters for transfer students)
A person who receives a grade warning in the first semester that comes after receiving instruction in academic management in accordance with three consecutive magnetic warnings that have been expelled due to dropout or disciplinary action

2. Dropout application procedure (visit application only)

1) Complete the application form → Form is downloaded at the bottom or placed in the school affairs team 2) Consultation with the supervisor and the head of the department → After consultation, get a seal on the form's supervisor and head of the department ※ Consultation should be made individually by contacting the professor in charge (for related inquiries, contact the office of the department) 3) Check tuition and scholarship matters → Visit the finance team and student support team, respectively, and get a seal on the form 4) Application formOut (Teaching Team) → Acceptance of dropout after consent from the guardian

※ School affairs team (Head Office No. 108) / Finance team (Head Office No. 204) / Student support team (Head Office No. 205)

3. Note The return of tuition fees when dropping out is processed in accordance with the 'Regulations on the Operation of University Tuition.' If a student selected as a scholar drops out after not completing the relevant semester, the full scholarship must be returned (Tuition team 02-300-0032 / Scholarship related: Student support team 02-300-0023)
4. a related form

Application form for dropout

Inquiry: Teacher's team/Kim Min-kyung
Phone Number 02-300-0457
E-mail: kyomu@kau.ac.kr"
15.0,"1. 졸업심사 대상

정규 8학기이상 등록한 재학생 또는 수료생(단, 조기졸업자는 졸업예정학기에 포함)
※졸업학점을 모두 이수하였어도 휴학중에는 졸업 불가함.

2. 졸업이수학점
대상 학번 : 2012 학번까지
졸업이수학점 : 총 140학점 이상, 단, 학석사연계과정생은 134학점, 대학원과목 6학점

대상 학번 : 2013 학번부터
졸업이수학점 : 총 130학점 이상, 단, 학석사연계과정생은 124학점, 대학원과목 6학점

3. 교양과정 영역별 이수

2013학번 이후 필수 졸업요건

교양필수(필수교양, 항공우주특성화분야) 모두 이수, 핵심교양, 역량강화 영역별 1과목이상
자세한 사항은 수업-&gt; '교양과정이수' 참조 바로가기

4. 과목이수 관련

교양필수 및 전공필수과목의 전 학점 취득
※ 학부(과)별 필수과목은 학부(과) 홈페이지 참조

전공과목 57학점이상 취득
※ 학부(과)별 전공 기준학점 상이하므로 각 학과 홈페이지 참조

전 학년 성적 평점평균 2.00이상
(단, 조기졸업은 4.00이상/학석사연계과정생은 3.5이상)

학부(과) 운영내규에 의거 요구되는 졸업요건 충족

5. 공학교육인증 프로그램

공학교육인증 시행세칙의 이수조건을 충족하여야 한다.
공학인증 홈페이지 및 kau포탈&gt;'공학인증' 참조

6. 조기졸업

개요

1) 관련 규정 : 학칙 제28조의2(조기졸업), 학칙시행세칙 제34조의2(조기졸업)
2) 대학 학칙이 정하는 바에 따라 수업연한을 단축하여 졸업(최대 1년까지 조기졸업)

신청자격

1) 2학년 수료 후, 학부(과)장의 허가를 받은 학생

2) 졸업 시 전학년 통산 평점평균 4.0이상 가능한 학생

※ 성적경고 기록이 있는 학생 신청 불가

신청시기 : 매학기 소정 기간 내
※ 상세 일정은 학사공지사항 참고※ 7학기 진입 전 신청해야 함 (7학기 이수중에는 신청불가)
※ '조기졸업신청서' 작성 후, 학부(과)장 확인 받아 교무팀으로 제출

졸업기준

1) 본 대학에서 6학기 이상 등록을 필한 학생
2) 졸업소요 학점 및 졸업요건을 충족하고, 전학년 통산 평점평균이 4.0이상인 학생
3) 성적경고 기록이 없는 학생 ☞ 성적경고 기록이 있는 학생은 조기졸업 불가

7. 수료제도

개 요

1) 관련 규정 : 학칙시행세칙 제34조의3제5항
2) 수업연한을 충족하고, 졸업요건은 모두 충족하였으나 졸업인증제만 통과하지 못한 학생의 학적은 수료로 함.

수료 학적상태

구분 : 수료
학적상태 : 수료
수강신청 여부 : 신청불가
등록여부 : 미등록
주요 발급증명서 : 수료증명서, 성적증명서, 졸업예정증명서

수료 후 졸업시기

1) 수료자는 매학기 졸업대상자로, 소정의 기일 내에 졸업인증제를 제출하여 승인받음
2) 재학생과 동일하게 졸업사정 심의를 거쳐, 해당 학기말에 학위를 수여함.

문의 : 교무팀
전화번호02-300-0012
E-mailmkyoon@kau.ac.kr",https://kau.ac.kr/web/pages/gc86720h.do,"1. Subject to graduation examination

Students enrolled or graduates who have registered at least eight semesters (however, early graduates are included in the expected semester of graduation)
※Even if you have completed all your graduation credits, you cannot graduate while taking a leave of absence.

2. graduation credits
Target number: Until 2012
Graduation credits: A total of 140 or more credits; however, 134 credits for students with academic background and 6 credits for graduate school subjects

Target number: From 2013
Graduation credits: A total of 130 credits or more; however, 124 credits for students with academic background and 6 credits for graduate school subjects

3. Completion by area of liberal arts course

Required graduation requirements after 2013 academic year

Completion of all required educational requirements (essential liberal arts, aerospace specialization) is at least one subject per area of core liberal arts, and capacity building
For more information, see Class-&gt; 'Completion of Liberal Arts' BaroFlag

4. Regarding the completion of a subject

Earning all credits for required liberal arts and major subjects
※ Refer to the undergraduate (department) website for required subjects by undergraduate (department)

Earn 57 or more credits in major courses
※ Major credits differ by department, so refer to each department's website

Average grade of 2.00 or higher for all grades
(However, early graduation is at least 4.00/academic-linked students are at least 3.5)

Satisfying graduation requirements required under the undergraduate (department) operation bylaws

5. Engineering Education Certification Program

It must meet the requirements for completion of the detailed rules for implementing engineering education certification.
See Engineering Certification Home Page and kauportal&gt; 'Engineering Certification'

6. Early graduation

Overview

1) Related regulations: Article 28-2 of the School Regulations (early graduation), Article 34-2 of the Enforcement Regulations of the School Regulations (early graduation)
2) Graduation (early graduation up to one year) by shortening the duration of study as prescribed by university regulations

Eligibility to apply

1) a student who has obtained permission from the head of an undergraduate department after completing his second year

2) Students who have an average grade of 4.0 or higher for all grades upon graduation

※ Students with grade warning records cannot apply

Application time: Within a prescribed period of each semester
※ Please refer to the academic announcement for the detailed schedule. ※ Applications must be made before entering the 7th semester (not applicable during the 7th semester)
※ After completing the 'Early Graduation Application', the head of the department (department) is confirmed and submitted to the school affairs team

Graduation criteria

1) Students who have registered for at least 6 semesters at this university
2) Students who meet graduation requirements and graduation requirements and have an average of 4.0 or higher overall grades
3) Students without grade warning records ☞ Students with grade warning records cannot graduate early

7. completion system

Overview

1) Related Regulations: Article 34-3 (5) of the Enforcement Regulations of School Regulations
2) The academic records of students who meet the duration of the class and meet all the graduation requirements but do not pass the graduation certification system shall be completed.

completion status

Classification: Completion
Academic Status: Completion
Course registration status: Unable to apply
Registration status: Not registered
Main certificate of issuance: certificate of completion, transcript, expected graduation certificate

Graduation period after completion

1) A person who has completed the course shall be eligible for graduation each semester, and shall submit a graduation certification system within a prescribed date for approval
2) The degree is awarded at the end of the semester after reviewing the graduation situation in the same way as the enrolled student.

Inquiry: Teacher's team
Phone number 02-300-0012
e-mailmkyoon@kau.ac.kr"
16.0,"소프트웨어 학과 소개

소프트웨어로 세상을 잇(IT)다

한국항공대학교 소프트웨어학과는 미래 첨단 디지털 시대를 선도할 소프트웨어 인재를 양성하고, 세계 수준의 소프트웨어 분야 연구를 수행하여 국가 경쟁력을 높이기 위해 설립되었습니다.
소프트웨어는 인간의 상상을 현실화하는 도구로서, 소프트웨어/IT 산업뿐만 아니라 현대 산업의 전 분야에 융합되어 발전을 이끄는 핵심 경쟁력입니다.
이러한 시대적 요구에 맞춰, 본 학과는 프로그래밍 언어, 컴퓨터 시스템, 데이터베이스, 알고리즘, 인공지능, 영상처리, 보안, 데이터 분석 등 컴퓨터과학의 기초 이론부터 최신 핵심 기술까지를 포함하는 포괄적 교육과 심도있는 연구를 진행하고 있습니다.
특히 빠르게 발전하는 컴퓨팅 기술에 능동적으로 대응할 수 있도록 실습을 강화한 실전형 강의 진행, 혁신 교수법 적용, 최신 기술을 반영하는 교과 개편, 연구실 환경 개선 등을 지속적으로 진행하고 있습니다.
학생들의 현장 실무 능력 함양을 위한 현장 실습과 인턴쉽, 산학프로젝트 등 산업체 수요 밀착형 교육, 기술 창업을 꿈꾸는 학생들을 위한 교과 및 프로그램, 대학원 진학을 대비한 학부연구생 제도 등을 제공하여,
학생들의 졸업 후 진로 선택을 돕는 한편, 글로벌 기업 및 해외 명문 대학과의 국제 교류 프로그램을 통해 학생들의 국제화 역량을 강화할 수 있는 기회를 제공하고 있습니다.",http://college.kau.ac.kr/web/pages/gc71348h.do,"""Introduction to the Software Department

It's the world of software

The Department of Software at Hankuk Aviation University was established to enhance national competitiveness by training software talents who will lead the future high-tech digital age and conducting world-class software research.
Software is a tool that makes human imagination a reality, and is a key competitive edge that integrates and drives development not only in the software/IT industry but also in all areas of the modern industry.
In line with the demands of the times, the department is conducting comprehensive education and in-depth research, ranging from basic theories of computer science to the latest core technologies, including programming languages, computer systems, databases, algorithms, artificial intelligence, image processing, security, and data analysis.
In particular, we continue to conduct practical lectures that strengthen practice to actively respond to rapidly developing computing technologies, apply innovative teaching methods, reorganize subjects that reflect the latest technologies, and improve the laboratory environment.
By providing on-the-job training, internships, industry-academia projects and other industry demand-oriented education, curriculum and programs for students who dream of starting a technology business, and undergraduate research student system in preparation for entering graduate school,
While helping students choose their career paths after graduation, we offer opportunities to strengthen their international capabilities through international exchange programs with global companies and prestigious universities abroad."""
17.0,"소프트웨어 졸업 후 진로

IT/SW 분야
관련 직업 : 시스템소프트웨어개발자, 네트워크엔지니어, 데이터베이스개발자, 정보보호전문가, 인공지능전문가, 사물인터넷전문가, 빅데이터전문가, 클라우드시스템엔지니어, 모바일애플리케이션개발자 등
기업/기관 : 삼성 SDS, LG CNS, KT, 삼성전자, SK인포섹, 네이버, 카카오, 넥슨, 엔씨소프트 등

전자/반도체 분야
관련 직업 : 전자부품 연구원, 컴퓨터하드웨어 기술자 및 연구원, 시스템소프트웨어개발자, 반도체공학기술자 등
기업/기관 : SK 하이닉스, 삼성전자, 인텔, 퀄컴 등

경영/금융 분야
관련 직업 : 금융 ICT개발자, 블록체인전문가, 빅데이터전문가, 정보보호전문가 등
기업/기관 : 국민은행, 우리은행, NH농협은행, 하나은행, 신한은행, 한국씨티은행 등

게임/디지털 컨텐츠 분야
관련 직업 : 게임 개발자, 게임 기획자, 가상현실전문가, 홀로그램전문가, 모바일컨텐츠개발자 등
기업/기관 : 넥슨, 넷마블, 엔씨소프트, 컴투스, 스마일게이트 등

항공/드론/국방 분야
관련 직업 : 항공관제 시스템 엔지니어, 항공물류시스템 엔지니어, UAM 시스템 엔지니어, 항공기 시스템 개발자, 무인 항공기 시스템 개발자, 군장교 등
기업/기관 : 한국항공우주산업 (KAI), 한국항공우주연구원 (KARI), 국방과학연구소, 인천공항공사, 한국공항공사, 대한항공, 한화, 자이언트 드론 등

정부/공공 분야
관련 직업 : 연구원, 전산직 공무원, 공기업 전산/IT 기술지원직 등
기업/기관 : 과학기술정보통신부 등 정부 및 지방자치단체 공무원, 한국정보화진흥원, 한국인터넷진흥원 등 공공기관",http://college.kau.ac.kr/web/pages/gc24226h.do,"""After graduating from software, my career path

IT/SW field
Related occupations: System software developer, network engineer, database developer, information protection expert, artificial intelligence expert, IoT expert, big data expert, cloud system engineer, mobile application developer, etc
Companies/institutions: Samsung SDS, LG CNS, KT, Samsung Electronics, SK Infosec, Naver, Kakao, Nexon, NCSoft, etc

Electronics/semiconductor field
Related occupations: Electronic component researchers, computer hardware technicians and researchers, system software developers, semiconductor engineering technicians, etc
Companies/institutions: SK Hynix, Samsung Electronics, Intel, Qualcomm, etc

the management/financial sector
Related occupations: Financial ICT developer, blockchain expert, big data expert, Information protection experts, etc
Companies/institutions: Kookmin Bank, Woori Bank, NH Nonghyup Bank, Hana Bank, Shinhan Bank, Citibank Korea, etc

Gaming/Digital Content Sector
Related occupations: game developers, game planners, virtual reality experts, hologram experts, mobile content developers, etc
Companies/institutions: Nexon, Netmarble, NCSoft, Com2uS, Smilegate, etc

the field of aviation/drone/defense
Related occupations: air control system engineer, air logistics system engineer, UAM system engineer, aircraft system developer, unmanned aircraft system developer, military officer, etc
Companies/institutions: Korea Aerospace Industries (KAI), Korea Aerospace Research Institute (KARI), National Defense Research Institute, Incheon Airport Corporation, Korea Airport Corporation, Korean Air, Hanwha, Giant drones, etc

the government/public sector
Related occupations: researchers, computerized public officials, computerized/IT technical support positions, etc
Companies/institutions: Government and local government officials such as the Ministry of Science and ICT, public institutions such as the National Information Society Agency and the Korea Internet Promotion Agency."""
18.0,"소프트웨어 교수진

연구실 홈페이지 바로가기; http://research.kau.ac.kr/

김선옥 교수
컴퓨터비전, 인공지능 분야
전자관 406호
(02)300-0262
sunok.kim@kau.ac.kr

김철기 교수
안전우선 시스템설계 및 검증 분야
안전우선 SW 연구실
전자관 408호
(02)300-0123
cheolgi@kau.ac.kr

길현영 교수 (학과장)
서비스 컴퓨팅 분야
Web Engineering Lab
전자관 407호
(02)300-0426
hykil@kau.ac.kr

박종서 교수
임베디드시스템/정보보안 분야
네트워크 보안 연구실
전자관 412호
(02)300-0187
jspark@kau.ac.kr

송동호 교수
운영체제/멀티미디어 시스템 분야
Airborne Software Lab
전자관 414호
(02)300-0186
dhsong@kau.ac.kr

온승엽 교수
컴퓨터그래픽스/비전 분야
스마트비젼 연구실
전자관 410호
(02)300-0123
syohn@kau.ac.kr

이긍해 교수 (명예 교수)
프로그래밍언어/인터넷 응용 분야

이인복 교수
알고리즘 분야
알고리즘 연구실
전자관 409호
(02)300-0412
inboklee@kau.ac.kr

정재훈 교수
인공지능의 원리/ 양자 컴퓨팅/ 양자 인공지능 분야
전자관 404호
(02)300-0263
jhjung@kau.ac.kr

지승도 교수
시뮬레이션/지능시스템 분야
지능시스템 연구실
전자관 415호
(02)300-0184
sdchi@kau.ac.kr

최영식 교수 (AI융합대학장)
퍼지이론, 정보검색 분야
빅테이터 연구실
전자관 413호
(02)300-0189
choimail@kau.ac.kr

최차봉 교수
Embedded SW / IoT 분야
산학협력 중점교수
전자관 403호
(02)300-0182
gen1223@kau.ac.kr

황수찬 교수
데이터베이스 분야
데이타베이스 연구실
전자관 411호
(02)300-0183
schwang@kau.ac.kr

김형래 교수
클라우드 컴퓨팅, 기업경영, 창업 및 진로 멘토링
전자관 402호
(02)300-0185
hasla0110@kau.ac.kr

엄태훈 교수
소프트웨어 정의 네트워킹, 보안 분석, 네트워크 보안
전자관 417호
(02)300-0265
th.eom@kau.ac.kr

소프트웨어 행정실
김윤애
담당업무 : 학과 업무 총괄
전자관 416호
(02)300-0180
yakim@kau.ac.kr",http://college.kau.ac.kr/web/pages/gc83710h.do,"""Software Faculty

Shortcut to the lab website; http://research.kau.ac.kr/

Professor Kim Sun-ok
Computer vision, artificial intelligence field
Electronic tube No. 406
(02)300-0262
sunok.kim@kau.ac.kr

Professor Kim Cheol-ki
Safety First System Design and Verification Field
Safety First SW Laboratory
Electronic tube No. 408
(02)300-0123
cheolgi@kau.ac.kr

Professor Gil Hyun-young (Director)
Service Computing Sector
Web Engineering Lab
Electronic tube No. 407
(02)300-0426
hykil@kau.ac.kr

Professor Park Jong-seo
Embedded Systems/Information Security Field
Network Security Lab
Electronic tube No. 412
(02)300-0187
jspark@kau.ac.kr

Professor Song Dongho
Operating system/multimedia system field
Airborne Software Lab
Electronic tube No. 414
(02)300-0186
dhsong@kau.ac.kr

Professor On Seung-yup
computer graphics/vision field
Smart Vision Laboratory
Electronic Pavilion Room 410
(02)300-0123
syohn@kau.ac.kr

Professor Lee Geung-hae (Honorary Professor)
Programming Language/Internet Applications

Professor Lee In-bok
Algorithmic field of algorithms
an algorithm lab
Electronic tube No. 409
(02)300-0412
inboklee@kau.ac.kr

Professor Jeong Jae-hoon
Principles of Artificial Intelligence/Quantum Computing/Quantum Artificial Intelligence
Electronic tube No. 404
(02)300-0263
jhjung@kau.ac.kr

Professor Ji Seung-do
Simulation/intelligence systems field
Intelligent Systems Laboratory
Electronic tube No. 415
(02)300-0184
sdchi@kau.ac.kr

Professor Choi Young-sik (Director, AI Convergence University)
Fuzzy Theory, Information Search
Big Data Laboratory
Electronic tube No. 413
(02)300-0189
choimail@kau.ac.kr

Professor Choi Cha-bong
Embedded SW / IoT 분야
an industry-academic cooperation professor
Electronic tube No. 403
(02)300-0182
gen1223@kau.ac.kr

Professor Hwang Soo-chan
Database field
database laboratory
Electronic Pavilion No. 411
(02)300-0183
schwang@kau.ac.kr

Professor Kim Hyung-rae
Cloud computing, enterprise management, start-up and career mentoring
Electronic tube No. 402
(02)300-0185
hasla0110@kau.ac.kr

Professor Eom Tae-hoon
Software-defined networking, security analytics, network security
Electronic tube No. 417
(02)300-0265
th.eom@kau.ac.kr""

Software Administration Office
Kim Yoon-ae

Responsible duties: General affairs of the department
Electronic tube No. 416
(02)300-0180
yakim@kau.ac.kr"""
19.0,"소프트웨어 교육목표

초지능/초연결/초융합 시대를 선도하는 소프트웨어 인재의 산실
- 학문적 이론과 구현 역량을 갖춘 소프트웨어 전공자 양성
- 다양한 분야의 현장에서 협업이 가능한 인재 양성
- 디지털 사회에 요구되는 인성과 윤리의식을 갖춘 인재 양성

핵심역량
소프트웨어 시스템 설계 - 분야의 기초 이론 및 SW, AI 등 기술을 이해하여 개발하는 전공 역량
융합형 소프트웨어 개발 능력 - 융합화 된 모든 분야에서 필요한 지식과 경헙을 종합적으로 활용, 구현하는 실무역량
국제 감각 - 전공능력의 글로벌 경쟁력을 지원하는 소통/협업 역량
직업 윤리 - 디지털 사회 시민으로서 요구되는 인성과 윤리 의식",http://college.kau.ac.kr/web/pages/gc72769h.do,"""Software Training Goals

The birthplace of software talent leading the hyper-intelligence/hyper-connected/hyper-convergence era
- Training software majors with academic theory and implementation capabilities
- Cultivate people who can collaborate in different fields
- Cultivating human resources with a sense of personality and ethics required by the digital society

Core competencies
Software System Design - Major competency to understand and develop basic theory and technologies such as SW and AI in the field
Convergence software development capabilities - the ability to comprehensively utilize and implement the knowledge and experience required in all areas of convergence
International Sense - Communication/Collaboration Capabilities to Support Global Competitiveness of Major Competency
Work Ethics - Personality and Ethical Consciousness Required as a Digital Social Citizen"""
20.0,"소프트웨어 과목 이산수학 (Discrete Mathematics)
컴퓨터공학의 기초가 되는 수학적 기본 지식을 익히고, 이산적 모델링을 할 수 있는 능력을 갖춘다. 구체적으로는 논리, 증명, 집합, 함수, 정수, 수학적 귀납법, 추론, 확률, 관계, 그래프, 트리, 부울 대수, 계산 모델링을 배운다.

프로그래밍 입문 (Intoduction to Computer Programming) 
프로그래밍 입문 교과에서는 ‘컴퓨팅적사고와 문제해결’ 교과에서 배운 개념을 바탕으로 학생들에게 본격적인 프로그래밍을 교육한다. C와 같은 절차적 언어를 기반으로, 문제를 분석하여 프로그램으로 구현하는 방법을 강의한다. 첫 프로그래밍 교과에서 공부한 프로그래밍 개념을 심화시켜 프로그래밍 수준을 한 단계 상승시킬 수 있도록 하는 것이 목표이다.

확률통계론 ( Probability and Statistics )
인공지능, 머신러닝 이론에 토대가 되는 기초 수학, 즉, 선형대수, 미적분, 확률과통계를 핵심 주제별로 학습하고, 파이썬 프로그래밍을 통하여 이러한 수학적 개념이 인공지능에 어떻게 활용되는지 학습한다.

디지털논리 (Digital logic Design)
디지털 논리회로는 디지털 시스템의 구성 및 동작원리와 논리회로의 분석 및 설계 방법에 대한 기본지식을 다룬다. 디지털 시스템을 구성하는 이진논리의 기본 개념을 파악하고, 부울함수의 간소화 방법과 부울함수의 구현방법을 통해 조합논리회로와 순차논리회로의 분석과정 및 설계과정을 수행한다.

자료구조 (Data Structure)
C++ 프로그래밍 언어와 함께 효율적인 알고리즘과 자료구조의 설계 및 분석에 대해 학습한다. 배열, 연결리스트, 스택, 큐, 그래프 등의 기본적인 자료구조와 관련된 알고리즘을 습득한다.

임베디드 SW 입문 (Introduction to Embedded SW)
제한된 환경에서 긴 시간 별도의 관리 없이 운용되는 임베디드 SW가 가지는 특징을 이해하고, 이를 위한 프로그래밍을 할 수 있다. 센서 등 외부장치를 이용한 정보를 수집하고 이해할 수 있다. 임베디드 시스템에 필수적인 개발환경을 이해하고 사용한다.

AI 프로그래밍 (AI Programming)
머신러닝 기반의 소프트웨어의 구조와 특징을 소개하고 이를 구현하기 위한 프로그래밍 도구들을 익히고 실습함으로써, 머신러닝, 딥러닝 응용, 컴퓨터비전, 데이터 사이언스 등을 학습하기 위한 프로그래밍 기초를 쌓는다.

AI입문 (Artificial Intelligence: The Basics)
미래 기술의 핵심으로 떠오르는 인공지능의 주요 이론들과 기술적 발전 동향 그리고 사회적 파급효과를 이해한다. 이를 통해 상상하는 것이 곧 현실이 된다는 IT적 상상력과 융합적 사고능력을 함양한다. 또한 인공지능시대의 도래에 선제적으로 대응할 미래 통찰력을 기른다.

객체지향프로그래밍 (Object-Oriented Programming)
Kotlin 언어를 기반으로 객체지향 프로그래밍에 대하여 공부한다. Object, Class, Inheritance, Polymorphism, Late Binding 객체지향 모델링 등에 대하여 배우고 이를 이용한 모바일 프로그래밍의 기초를 학습한다.

시스템프로그래밍 (System Programming)
어셈블리어 프로그래밍,시스템구조,어셈블러,로더,매크로 및 운영체제의 구조에 대해 강의하고 이러한 소프트웨어의 제작을 위한 프로그래밍 기법을 학습한다. 또한 프로젝트를 통해 직접 이러한 소프트웨어의 개념을 정리하고 익혀 실제로 쓰이는 지식을 습득한다.

컴퓨터네트워크 (Computer Networks)
컴퓨터간의 망구성 이론 및 종류를 이해하고 ISO/OSI 모델에 관하여 각 계층별로 상세하게 설명한다. 그리고 TCP/IP에 관하여 설명을 하며 이를 UNIX시스템 상에서 응용프로그램들을 Term Project 를 통하여 실습하게 된다. 

컴퓨터구조론 (Computer System Architectures)
이 강의는 현대 컴퓨팅 시스템 구조를 설계하기 위한 기본 개념들을 소개한다. 컴퓨터 시스템의 구성을 이해하기 위하여 필요한 명령어집합구조, 연산장치, 메모리 장치, 입출력장치, 제어장치 등의 역할과 동작원리를 이해하고, 설계시 고려해야 될 사항을 배운다. 더불어 MIPS 프로그래밍을 통해 컴퓨터의 동작 원리를 터득한다.

알고리즘해석및설계 (Analysis and Design of Algorithms)
전자계산에 대한 알고리즘에 체계적인 구조와 분석 방법, 연산의 모델, 복잡도, 하한계, 축소성, P 및 NP Complete문제, Sets 및 Strings Graph 등을 이용한 탐색 등을 학습한다.

Adventure Design
공학설계 절차에 따라 드론, AI/SW기술 기반 서비스 등을 디자인하고 설계하는 팀 프로젝트형 수업을 진행하며, 이를 통해 항공/기계, 전자, 소프트웨어 등 다양한 분야에 대한 융합적 역량을 기른다. 드론, AI/SW 서비스 등과 연관된 개방형 문제에 대한 해결능력을 함양하기 위한 자기 주도형 프로젝트를 수행함으로써 창의적 디자인/설계의 개념과 방법론, 팀 조직과 협업 등을 학습한다

IT and Software English
This course is designed to help software and IT focused students to understand, discuss, and present various software and IT related topics through English at an international level. Formal language used in writing and presentations, such as email inquiries and technology demonstrations, will be introduced, analyzed, and then done in turn by students. In addition, casual settings with discussion of software problems and solutions in online communities will also be covered. Students will be given multiple opportunities throughout the semester to use and improve their English in all of these areas, in groups as well as by themselves.

컴퓨터운영체제및실습 (Computer Operating System and Lab)
운영 체제의 정의, 기능, 오퍼레이션에 관하여 상세한 설명을 한다. 구체적으로는 프로세스 스케쥴링, 메모리 관리, 화일 관리, 프로세스간 통신, 입출력 관리, 데드락등이 포함된다. 그리고 실제 운영체제를 시뮬레이션해 봄으로써 컴퓨터를 운영하는 주 프로그램의 내부 동작에 관하여 상세하게 배우게 된다.

산학프로젝트 (Cooperative Projects)
학생으로 이루어진 팀이 산업체 현장에서 찾아낸 주제를 프로젝트로 구성하여 진행 계획을 제안하여 산업체 멘토와 학교 교수진의 자문을 바탕으로 자기 주도적으로 실행하여 문제를 해결하고 결과를 도출한다. 주제는 소프트웨어 관련 분야에 한하고 진행 단계별로 담당교수의 승인이 필요하다.

문제해결기법 (Problem solving)
이 과목에서는 주어진 문제를 제약 조건을 만족하는 컴퓨터 프로그램을 작성하여 해결하는 방법을 학습한다. 기초적인 알고리즘, 자료구조 지식을 복습하고, 보다 발전된 알고리즘 및 자료구조를 C++/Java 등 프로그래밍 언어를 이용하여 구현하는 과정을 배운다. 

프로그래밍언어와 컴파일러 (Programming Language and Compilers)
컴퓨터 언어의 이론과 설계 구현 방법에 대하여 공부한다. 프로그래밍 언어의 변천사를 살펴보고 구문 이론, 타입 시스템, 실행시간 메모리 구조 등을 배운다. 프로그램을 컴퓨터 상에서 실행하기 위해 필요한 프로그램 번역기와 관련된 이론과 도구에 대해서도 알아본다.

데이터사이언스 기초 (Data Science Fundamentals)
기업, 정부, 사회 등의 다양한 분야들에서 정보 기술들이 활용됨에 따라 이들 분야로부터 많은 양의 데이터가 산출되고 있다. 이 과목에서는 이러한 데이터로부터 유용한 정보를 추출하기 위한 데이터 분석 알고리즘 및 예측 모델 생성기법의 원리와 개념을 이해하고 이들 기술들을 실제 데이터에 적용하는 방법에 대하여 학습한다. 이 과목에서 다루는 주요한 주제는 데이터 전처리, 지도 및 비지도 학습, 기술통계, 데이터 시각화, 기계학습, 분류 및 예측 모델, 군집 분석, 모델의 성능평가 기법 등이다.

ICT학점이수인턴제
국내 ICT (정보통신) 관련 중소 중견기업의 R&D프로젝트, 서비스개발 등에 학생이 참여하여 인턴십을 수행하고 이를 학점으로 인정받도록 하여 이론과 실무역량을 겸비한 문제해결형 ICT인재를 양성하는 인턴십제

소프트 장기현장실습 (SW field placement)
국내외 산업현장 또는 기관에서 협약에 따라, 현장교육을 실시하고 이에 따라 학점을 인정하는 제도로써, 대학에서 교수한 지식과 학문을 기관, 단체, 연구소, 산업체 등에서 학생들이 실무를 통해 적용능력을 부여하고자 함.

소프트 단기현장실습 1,2 (SW field placement 1,2)
국내외 산업현장 또는 기관에서 협약에 따라, 현장교육을 실시하고 이에 따라 학점을 인정하는 제도로써, 대학에서 교수한 지식과 학문을 기관, 단체, 연구소, 산업체 등에서 학생들이 실무를 통해 적용능력을 부여하고자 함.

데이터베이스기초 (Introduction to Database)
데이터베이스 시스템의 기본적인 개념을 강의한다. 데이터 모델과 데이터베이스 설계, 데이터베이스 언어 및 프로그래밍, 파일 구조와 인덱싱과 같은 데이터베이스 관리 시스템 구현, 데이터베이스 최신 응용 분야 등에 대해 학습한다.

웹SW스튜디오및재능기부 (Web Software Studio and Talent Donation)
상호대화형의 자료 구동형 웹사이트 구축을 위한 서버와 클라이언트 기술에 관하여 학습한다. 웹사이트 구축을 위한  데이터베이스 연동 및 웹사이트 구축을 위한 프로그래밍 기술을 습득할 수 있다. 강의내용은 자바 스크립트, XML, ASP, PHP, MySQL, ColdFusion 등이다.

IoT
IoT의 기본개념과 활용방법을 이론과 실습을 통해 습득한다. 이 교과목에서는 IoT의 일반적인 기술뿐 아니라 최근에 산업현장에서 사용되고 있는 대표적인 모듈인 ESP32와 클라우드 환경인  AWS IoT Cloud를 활용하여 응용과 서비스를 구현함으로 실제적인 IoT 역량을 배양하는 것을 목표로 한다.

정보보호 (Information Security)
날로 중요해져 가는 정보보호에 대한 기초를 다룬다. 3가지 종류의 암호알고리즘, 암호알고리즘 SW구현 등에 대해 기초적인 지식을 습득하고 공개키 기반구조, 전자상거래 및 인터넷 보안에 대한 기초를 다룬다. 또한 시스템 보안의 기초를 가상머신에서 실습하며 CSO(Chief Security Officer)로서의 기술을 익히게 한다.

소프트웨어공학 (Software Engineering)
소프트웨어 개발과정에 필요로 하는 프로젝트 관리 기법과 요구사항 분석, 설계, 테스팅 및 유지보수에 이르는 소프트웨어공학의 핵심 개념들을 이해한다. 또한 품질보증, 재공학 그리고 소프트웨어 미래 동향에 대해 학습한다. 각 과정별 개념과 이론은 물론 방법론과 도구에 대해서도 체계적으로 배운다. 이를 통해 체계적이고 창의적인 소프트웨어 설계능력과 프로젝트 수행능력을 함양한다.

데이터사이언스 응용 (Data Science Applications)
이 과목에서는 다양한 형식과 내용의 빅데이터에 대한 기계학습 기술들을 이해하고 이들 기술들의 효과적인 적용 방법을 학습한다. 데이터 사이언스 기술의 실용적인 측면에 집중하기 위하여 실제 데이터 분석 사례들을 연구하고 R, Python 등의 데이터 분석 도구를 효과적으로 적용하는 방법을 학습한다. 또한, 빅데이터 분석에 대한 실무 능력을 습득하기 위하여 실습 등을 통하여 분석 과정을 실행하고 산출된 분석 결과에 대한 해석 및 표현을 시도한다. 이 과목에서 다루는 주요한 주제는 시계열 분석, 추천시스템, 소셜 네트워크 분석, 멀티미디어 데이터 분석 기술, 최적화 기법 등 데이터 사이언스의 응용, 심화된 기법들을 포함한다.

종합설계프로젝트 I,II (Capstone Design I,II )
전공 분야별로 주어진 과제에 대해 개념 설계, 연구 추진, 구체적인 시스템 구현 및 발표 등 독창적인 설계 능력과 프로젝트 수행능력을 기른다.

창업종합설계 I,II (Capstone project for startups I,II )
창업을 목표로 종합설계프로젝트를 수행한다. 창업 목표설정, 설계 단계를 수행한다. 중간결과물의 상업적 경쟁력을 주요 평가 지표로 한다.

AI융합 Capstone Design I,II (AI-based Capstone Design I,II)
AI 드론 분야에 관련된 프로젝트를 종합적으로 실습하고, 창의적 문제해결 능력을 배양하기 위하여 학생들이 스스로 정한 주제를 가지고 프로젝트를 수행하며 결과를 캡스톤 디자인 프로젝트 발표회에서 발표한다. 프로젝트는 팀단위로 이루어지며, 담당교수가 프로젝트의 목표, 계획수립, 구현과정을 학생이 팀 단위 스스로 수행할 수 있도록 지도한다.

데이터베이스스튜디오 (Database Studio)
좋은 데이터베이스를 설계하는 방법에 대해 강의한다. 요구조건 분석, 개념 모델링 (개체 관계 모델링), 관계 데이터베이스 설계, 정규화, 설계방법론, 데이터베이스 설계 도구 등에 대해 학습한다. 또한, 데이터 웨어하우스, 빅 데이터 등 새로운 데이터베이스 응용을 위한 설계 기법에 관해서도 소개한다.

시뮬레이션 (Simulation)
공학기술의 눈부신 발전에 따라 높은 복잡도의 문제 해결에 대한 요구가 증가되고 있다. 특히 4차산업혁명 시대의 도래와 함께 인공지능 기반의 자율로봇, 무인 자율 시스템, 가상현실, 게임, 환경 분석, 교통 예측 등 다양한 분야에서 공학적 분석 요구가 높아지고 있다. 본 과정은 기존의 해석적 해결방법으로는 불가능한 복잡도 높은 문제들을 해결할 수 있는 컴퓨터시뮬레이션기법의 주요 개념과 방법들을 다룬다. 이를 위해 첨단 모델링 형식론과 시뮬레이션 엔진을 이해하고 이를 통한 응용능력을 함양한다. 

TA인턴쉽 I,II,III,IV (Teaching Assistant Internship I,II,III,IV )
본 과목에서는 3, 4학년 학생이 조교 역할을 수행하여 수업과 실습에서 강의를 효율적으로 진행할 수 있도록 교수를 지원하고 교수법 및 교육행정을 경험함으로써 전공지식에 대한 교수 능력을 습득한다. 학생은 학부과목에 조교로서 배정되며 본 과목을 신청할 학생은 성적 및 품행 등에서 학과장이 정하는 조건에 부합하여야하며 해당과목 담당교수의 허가를 미리 받아야 하며 한다. 학기가 완료된 후에는 해당 과목의 수강생 및 담당교수로부터 평가를 받으며 평가결과는 성적에 반영된다. 

블록체인 기술 (Blockchain Technology)
최근 매우 큰 관심을 끌고 있으며 4차 산업혁명에서 가장 중요한 핵심 기술인 블록체인 및 가상화폐 관련 내용을 다룬다. 정보보호론에서 익힌 암호시스템 관련 보안 지식을 활용하여 블록체인이 어떻게 동작하는지 학습하고 퍼블릭 블록체인인 솔리디티를 이용한 스마트 컨트랙트도 작성하게 하며 프라이빗 블록체인인 하이퍼렛져 실습도 간단히 진행한다. 중간고사 기말 프로젝트를 통해 평가함.

프로젝트 X 1,2,3 (Project X 1,2,3 )
AI 드론 분야에 관련된 임의의 창의적인 연구주제를 중심으로 3-6명 팀 단위로 개발 프로젝트를 진행한다. 이를 위해 연구주제 선정, 자료조사 및 정리, 요구사항 분석과 설계, 구현, 테스트, 결과분석 및 개선 등 에 이르는 단계별 개발 과정을 따라 진행하여 전체 프로젝트를 완성한다. 이러한 연구경험을 토대로 창의성은 물론 실질적인 문제해결과 설계/개발능력을 함양한다.

컴퓨터비전 (Computer Vision)
이과목에서는 영상데이터의 처리와 인식기술에 대하여 학습한다. 이 과목에서 다루는 주요한 주제는 영상처리의 기초, 물체인식, 3차원 장면 복원, 움직임 추적 기술 등을 포함한다.

인공지능플래닝 (Artificial Intelligence Planning)
이 강의에서는 지속적으로 Planning을 수립하고 이를 Action으로 실행하고, 실 수행 환경과의 상호 작용을 통해 Learning 할 필요가 있는 Autonomous Agent를 구축하는 문제에 대하여 가르칩니다.
이 강의는 AI Planning 및 Learning의 주요 문제와 알고리즘, 즉 Action 과 Task Modeling, representation, plan generation algorithms, heuristic learning and reuse of experience, dynamic integration of planning, scheduling, and execution, and multiagent planning 에 대한 주제를 다룹니다.

병렬컴퓨팅 (Introduction to Parallel Computing)
최근 실세계 현장에서 널리 쓰이고 있는 머신러닝, 빅데이터 등 다양한 알고리즘을 큰 스케일의 대용량 데이터와 함께 처리속도를 높이기 위해서는 고성능 컴퓨팅 (High-Performance Computing) 기술이 필수적이라 할 수 있다. 본 교과목은 소프트웨어학과의 기초과목을 수강한 학부 상급생을 대상으로 multi-core CPUs 및 many-core GPUs 등의 최신 병렬 컴퓨팅 아키텍처에 대한 전반적인 개념과 동작원리를 학습하고 병렬 프로그래밍 기법에 대해 입문 수준의 실습을 제공하는 것을 목표로 한다. 매주 이론과 실습을 병행해가면서 수업이 진행되고 본 과목을 수강하기 위해서는 C/C++를 이용한 기초 프로그래밍 능력이 요구된다. 각각의 주어진 병렬 컴퓨팅 아키텍처 별로 순차적으로 단순하게 설계된 C/C++ 예제 프로그램을 OpenMP, pthreads, MPI, CUDA등의 분산/병렬 처리 기술을 활용하여 병렬 프로그램으로 변환하는 방법을 배운다.

​딥러닝 (Deep Learning)
인공신경망을 활용하여 이 수업에서는 딥러닝의 핵심적인 기초에 대해서 배웁니다. 인공신경망 모델을 어떻게 만드는지 그리고 학습시키는 지에 대해 배우고 이를 바탕으로 좀 더 복잡한 구조인 CNN, RNN, LSTM, SGD 및  기타 테크닉에 대해서 배우고 이를 적용하는 법에 대해서 이야기합니다​

딥러닝응용 (Deep Learning Application)
신경망 기반 응용 프로그램 개발 과정과 컴퓨터 비전, 자연어 처리, 자율주행 등에 필요한 핵심 딥러닝 기술을 학습한다. 또한, 최신의 딥 러닝 기반 인공지능 기술 동향을 살펴본다.

프론트엔드 프로그래밍 (Frontend Programming)
최근의 프론트엔드 프로그래밍의 패러다임은 선언형 프로그래밍이다. React를 기반으로 프론트엔드 프로그래밍 패러다임을 배운다. 반응형 View 설계 기법을 배우고 이를 통하여 컴포넌트 기반 MVC, MVVM 패턴을 프론트엔드 개발에 적용할 수 있다.

추천시스템 ((Recommender Systems)
추천 시스템은 사용자에게 유용한 정보를 맞춤형으로 제공함으로써, 사용자가 효율적인 의사 결정을 가능하게 한다. 추천 시스템을 구축하기 위해 사용되는 내용 기반 필터링, 협업 필터링, 그래프 뉴럴 네트워크 모델 등을 학습한다.

양자 컴퓨터 개론 (Introduction to Quantum Computing)
양자 컴퓨터 개론으로 ""현존하는 슈퍼 컴퓨터보다 1억배 빠른"" 양자 컴퓨터의 허와 실에 대해서 알아본다.  누구나 쉽게 접근 할 수 있는 파이썬 라이브러리를 통해 양자 컴퓨터 시뮬레이터를 사용하여 기본 개념인 중첩(superposition) 과 얽힘(entanglement) 에 대해서 이해한다. 기존 컴퓨터 기초 알고리즘이 양자 컴퓨터에선 어떻게 달라지는 지에 대해 배우고 이를 통해 양자 컴퓨터의 장점과 단점을 학습한다.  마지막으로 IBM의 클라우드 서비스를 이용하여 실제 양자 컴퓨터를 사용해본다.",http://college.kau.ac.kr/web/pages/gc39611h.do,"""We acquire basic mathematical knowledge, which is the basis of software subject Discrete Mathematics computer engineering, and have the ability to model discretely. Specifically, we learn logic, proof, set, function, integer, mathematical induction, reasoning, probability, relationships, graphs, trees, Boolean algebra, and computational modeling.In the Introduction to Computer Programming programming introductory course, students are taught full-fledged programming based on concepts learned in the ""Computational Thinking and Problem Solving"" course. Based on procedural languages such as C, lectures are given on how to analyze problems and implement them as a program. The goal is to deepen the programming concept studied in the first programming subject so that the programming level can be raised to the next level.Probability and Statistics Artificial Intelligence, basic mathematics based on machine learning theory, i.e., linear algebra, calculus, probability, and statistics, are learned by core topics, and how these mathematical concepts are utilized in artificial intelligence through Python programming.Digital Logic (Digital Logic Design) Digital logic circuits deal with basic knowledge of the composition and operation principles of digital systems and how to analyze and design logic circuits. It identifies the basic concepts of binary logic that make up a digital system and conducts the analysis and design process of combination logic circuits and sequential logic circuits through the simplification of Boolean functions and the implementation of Boolean functions.Data Structure (Data Structure) learns about the design and analysis of efficient algorithms and data structures along with the C++ programming language. Algorithms related to basic data structures such as arrangements, connection lists, stacks, queues, and graphs are acquired.Introduction to Embedded SW (Introduction to Embedded SW) Understands the characteristics of embedded SW operating without separate management for a long time in a limited environment and can be programmed for this. Information can be collected and understood using external devices such as sensors. Understand and use the development environment essential to embedded systems.AI Programming (AI Programming) By introducing the structure and characteristics of machine learning-based software and learning and practicing programming tools to implement it, it builds a programming foundation for learning machine learning, deep learning applications, computer vision, data science, etc.Artificial Intelligence (The Basics) Understands the major theories of artificial intelligence, technological development trends, and social ripple effects that emerge as the core of future technology. Through this, it cultivates IT imagination and convergent thinking ability that imagining becomes a reality. It also fosters future insights to proactively respond to the advent of the artificial intelligence era.Object-Oriented Programming (Object-Oriented Programming) Based on the Kotlin language, we study object-oriented programming. Learn about Object, Class, Inheritance, Polymorphism, and Late Binding object-oriented modeling and learn the basics of mobile programming using it.System Programming (System Programming) Lectures on assembly programming, system structure, assembler, loader, macro, and operating system structure and learning programming techniques for the production of these software. In addition, through the project, the concepts of these software are organized and learned directly to acquire actual knowledge.Computer Networks (Computer Networks) Understand the theory and types of network composition between computers and explain the ISO/OSI model in detail for each layer. It also explains TCP/IP and practices applications on the UNIX system through the Term Project. Computer System Architectures This lecture introduces basic concepts for designing the structure of modern computing systems. Understand the roles and operating principles of instruction set structures, computing devices, memory devices, input/output devices, and control devices necessary to understand the composition of computer systems, and learn what to consider when designing. In addition, the principle of operation of the computer is learned through MIPS programming.Analysis and Design of Algorithms (Analysis and Design of Algorithms) Learn how to systematically structure and analyze algorithms for electronic calculation, model of operation, complexity, lower limit, reducibility, P and NP Complete problems, and search using Sets and Strings Graph.According to the Adventure Design engineering design procedure, team project-type classes are conducted to design and design drones, AI/SW technology-based services, and through this, convergence capabilities in various fields such as aviation/machine, electronics, and software are developed. Learn the concept and methodology of creative design/design and collaboration with team organizations by carrying out self-directed projects to cultivate the ability to solve open problems related to drones, AI/SW services, etcIT and Software English"
21.0,"소프트웨어 졸업요건

학부(과) : 소프트웨어학과
학번 구분 : 2012학번까지
학칙/학칙 시행세칙 - 졸업학점 : 140, 편입생 졸업학점 : 70
학과운영내규 전공학점(전필+전선) : 60학점 (4학년에 개설된 전공선택 2과목 이상 이수/단,인턴쉽 과목은 1과목으로만 인정함)
비고 : 전 학년 평점 평균 2.00 이상

학부(과) : 소프트웨어학과
학번 구분 : 2013학번 이후 ~ 2018학번 까지
학칙/학칙 시행세칙 - 졸업학점 : 130, 편입생 졸업학점 : 65

학부(과) : 소프트웨어학과
학번 구분 : 2014학번 까지
학칙/학칙 시행세칙 - 졸업인증제 기준 점수 : 600점

학부(과) : 소프트웨어학과
학번 구분 : 2015학번 이후
학칙/학칙 시행세칙 - 졸업인증제 기준 점수 : 650점

2019학번부터 적용 : 주전공(기본)이수 학점을 반드시 취득해야하며, 교과과정의 전공필수 교과목은 반드시 이수해야 한다. 단일(심화)전공 및 다전공 중 1개의 전공을 선택하여 아래표와 같이 전공학점을 취득해야한다.

주전공 : 기본전공 45학점, 심화전공 24학점 이상, 복수전공 42학점 이상, 부전공 24학점 이상, 연계융합전공 36학점 이상
단일전공 : 69학점
다전공 : 87학점
복수전공 : 69학점
연계융합전공 : 81학점

AI융합전공 안내 : 한국항공대학교 AI융합전공 (kau.ac.kr)
교양 졸업이수학점은 아래 링크를 참고하기 바람 : http://college.kau.ac.kr/web/pages/gc51336h.do",http://college.kau.ac.kr/web/pages/gc87373h.do,"""Software Graduation Requirements

Undergraduate (department): Department of Software
Classification of academic numbers: Until 2012
Detailed rules for school regulations/school regulations - Graduation credit: 140, transfer student graduation credit: 70
Department operation by-laws major credit (full completion + front line): 60 credits (Only one subject is recognized for internship subjects, and more than two major elective courses opened in the fourth grade)
Note: Average grade of all grades above 2.00

Undergraduate (department): Department of Software
Classification of academic numbers: From 2013 to 2018
School Rules/School Rules Enforcement Rules - Graduation Credit: 130, Graduation credit for transfer students: 65

Undergraduate (department): Department of Software
Classification of academic numbers: Until 2014
Detailed rules for school regulations/school regulations - Score based on graduation certification system: 600 points

Undergraduate (department): Department of Software
Classification of academic numbers: After 2015
Detailed rules for school regulations/school regulations - Graduation certification system standard score: 650 points

Applicable from 2019: You must obtain a major (basic) completion credit, and you must complete the required major course of the curriculum. You must select one major among single (deep) majors and multi-major and obtain major credits as shown in the table below.

Main engineering: 45 credits for basic major, 24 credits or more for advanced major, 42 credits or more for double major, 24 credits or more for minor major, 36 credits or more for linked convergence major
Single major: 69 credits
Multi-major: 87 credits
Double major: 69 credits
Linked convergence major: 81 credits

Guide to AI Convergence Major: AI Convergence Major at Korea Aerospace University (kau.ac.kr )
Please refer to the link below for graduation credits from liberal arts: http://college.kau.ac.kr/web/pages/gc51336h.do """
22.0,"소프트웨어 교육 사업단

4차산업혁명 혁신 선도 대학 사업(Linc+ 사업)

Linc+사업 소개 페이지 바로가기

사업 목표

- 초지능·초연결 시대의 드론산업을 선도할 AI융합인재 양성

사업 내용
■ AI 일반 교육딥러닝 프로그래밍과 센서 AI 응용■ AI 드론 전문 교육
비행교육원 무인기조종자 양성과정과 연계한 드론 전문 교육■ 드론 설계/제작 교육 오픈소스 기반 드론 제작 및 실습■ MOOC 강의 제공 : AI 드론 시스템 디자인 (센서, 제어, 자율)",http://college.kau.ac.kr/web/pages/gc3009h.do,"""Software Education Business Group

Fourth Industrial Revolution Innovation Leading University Project (Linc+ Project)

Shortcut to Link+ Business Introduction Page

business objectives

- Cultivating AI convergence talents who will lead the drone industry in the era of super-intelligence and hyper-connectedness

Business details
■ AI General Training Deep Learning Programming and Sensor AI Application ■ AI Drone Professional Training
Specialized drone training in connection with the drone training course at the Flight Training Center ■ drone design/production education open source-based drone manufacturing and practice ■ MOOC lecture provision: AI drone system design (sensor, control, autonomous) """
23.0,"소프트웨어 연구실

연구실 : 안전우선 SW 연구실
담당 교수 : 김철기
연구 분야 : 안전우선 시스템설계 및 검증

연구실 : Web Engineering Lab.
담당 교수 : 길현영
연구 분야 : Service computing, Model checking, Automated planning & controller synthesis, Knowledge representation & reasoning

연구실 : 네트워크 보안 연구실
담당 교수 : 박종서
연구 분야 : Network Security, Blockchain, Federated Learning, Embedded System

연구실 : Airborne Software Lab.
담당 교수 : 송동호
연구 분야 : airborne pilot and mission computing, optimal planning, A.I. gaming, Decision Support System

연구실 : 스마트비젼 연구실
담당 교수 : 온승엽
연구 분야 : 데이터 사이언스, 인공지능, 컴퓨터 비젼

연구실 : 유비쿼터스 연구실
담당 교수 : 이긍해
연구 분야 : 프로그래밍언어/인터넷 응용

연구실 : 알고리즘 연구실
담당 교수 : 이인복
연구 분야 : data compression, intrusion detection, design and analysis of algorithms

연구실 : 지능시스템 연구실
담당 교수 : 지승도
연구 분야 : Autonomous Multi-Agent, Artificial Mind, Brain-Mind Modeling, Emotional AI War Game Modeling & Simulation

연구실 : 빅테이터 연구실
담당 교수 : 최영식
연구 분야 : Aerial Robotics, Machine Learning, Computer Vision

연구실 : 데이터베이스 연구실
담당 교수 : 황수찬
연구 분야 : Database systems, Big data, Realtime databases, Data center standards",http://college.kau.ac.kr/web/pages/gc95911h.do,"""Software Lab

Laboratory: Safety First SW Laboratory
Professor in charge: Kim Cheol-ki
Research Field: Design and Verification of Safety Priority System

Lab: Web Engineering Lab.
Professor in charge: Gil Hyun-young
연구 분야 : Service computing, Model checking, Automated planning & controller synthesis, Knowledge representation & reasoning

Laboratory: Network Security Laboratory
Professor in charge: Park Jong-seo
연구 분야 : Network Security, Blockchain, Federated Learning, Embedded System

연구실 : Airborne Software Lab.
Professor in charge: Song Dongho
연구 분야 : airborne pilot and mission computing, optimal planning, A.I. gaming, Decision Support System

Laboratory: Smart Vision Laboratory
Professor in charge: On Seung-yup
Research Areas: Data Science, Artificial Intelligence, Computer Vision

Laboratory: Ubiquitous Laboratory
Professor Lee: Heung-hae
Research Area: Programming Language/Internet Applications

Laboratory: Algorithm laboratory
Professor in charge: Lee In-bok
연구 분야 : data compression, intrusion detection, design and analysis of algorithms

Laboratory: Intelligent Systems Laboratory
Professor in charge: Ji Seung-do
연구 분야 : Autonomous Multi-Agent, Artificial Mind, Brain-Mind Modeling, Emotional AI War Game Modeling & Simulation

Laboratory: Big Data Laboratory
Professor in charge: Choi Young-sik
연구 분야 : Aerial Robotics, Machine Learning, Computer Vision

Laboratory: Database Laboratory
Professor in charge: Hwang Soo-chan
연구 분야 : Database systems, Big data, Realtime databases, Data center standards"""
24.0,"경영학과 학과장 인사말

우리 경영학과의 Mission(사명)은 급변하는 현대 비즈니스 환경에 필요한 핵심 역량을 갖춘 글로벌 경영 인재를 양성하는 것입니다. 여기서 핵심 역량은 경영학 전공 지식을 바탕으로 AI·빅데이터 능력, 글로벌 역량, 실무 경험 및 창업 교육 제공을 통해 완성됩니다.
먼저 경영학과의 교수진은 학문적 성과와 산업체 경험과 협업을 통해 전문화되고 최근 경영 현장에 적합한 전공 교육과정을 제공하고 있습니다.
또, 최근 그 중요성이 강조되고 있는 AI·빅데이터 분야의 학습을 위해 코딩, AI, 빅데이터 분야를 교육하고 있습니다. 특히 우리 학과는 ‘소프트웨어 중심 대학’ 사업에 참여하고 있습니다. 이를 바탕으로 관련한 다양한 융합 전공, 복수 전공, AI·빅데이터 마이크로 디그리 과정들을 제공하고 있습니다. 이를 통해 우리과 학생들이 향후 기업에서 공학을 비롯한 다양한 전공 배경을 가진 동료들과 원활한 협업을 진행할 수 있는 역량을 키울 것입니다.
글로벌 마인드와 외국어 능력은 경영 전문가가 되기 위한 필수 불가결의 조건입니다. 글로벌 역량은 영어만 잘한다고 해결되는 것은 아닙니다. 외국어 능력을 기초로 외국어 기반의 학습과 토론, 업무 수행을 할 수 있어야 하며 다양한 세계의 다양한 문화적·역사적 배경도 이해할 수 있어야 합니다. 영어 교육과 함께 경영 전공과목에 대한 영어 강의, 교환학생, 영어로 진행되는 교과 및 비교과 활동을 제공하고 있습니다.
마지막으로 취업과 창업에 직접적으로 도움을 줄 수 있는 과정도 다양한 취창업 프로그램을 제공하고 있습니다. 특히, 실무 경험을 쌓을 수 있는 산학협력, 현장실습, 인턴십 등의 프로그램을 확대하고 있습니다. 또, 다양한 분야에서 경영 전문가로 활약하고 있는 경영학과 졸업생들과의 멘토-멘티 프로그램도 더욱 활성화할 것입니다.
많은 학생들이 경영학과에서 성장과 성공을 거두고 있습니다. 저희 학과는 학생들의 열정과 노력을 지원하며, 창의적이고 혁신적인 리더로서의 역량을 개발하도록 돕고있습니다. 여러분의 꿈을 실현하기 위해 함께 도전하고 글로벌 비즈니스 환경에서 성공을 이룰 수 있는 기회를 만들어 나갈 것을 약속드립니다.
한국항공대학교 경영학과에 대한 자세한 정보와 입학에 관한 문의는 언제든지 환영합니다. 학교 생활에 대한 궁금한 점이 있으면 언제든지 상담해 주시기 바랍니다. 멋진 경영 전문가로 성장하는 여러분을 응원합니다. 감사합니다.
감사합니다.
한국항공대학교 경영학과   이상학  교수",http://college.kau.ac.kr/web/pages/gc40919h.do,"""Greetings from the head of the business administration department""

The mission of our business department is to cultivate global management talents with the core competencies needed in the rapidly changing modern business environment. Here, the core competencies are completed through AI and big data capabilities, global capabilities, practical experience, and start-up training based on management major knowledge.
First, the faculty of the Department of Business Administration specializes through academic achievements, industry experience and collaboration, and recently provides a major curriculum suitable for the management field.
In addition, we are educating coding, AI, and big data fields for learning in the field of AI and big data, whose importance has been emphasized recently. In particular, our department is participating in the 'software-oriented university' project. Based on this, we provide various convergence majors, multiple majors, and AI and big data micro-digris courses related to this. Through this, we will develop the ability of our department students to smoothly collaborate with colleagues from various major backgrounds, including engineering, in the future.
Global mind and foreign language skills are indispensable to becoming a management professional. Global competency does not solve only by being good at English. Based on their foreign language skills, they should be able to learn, discuss, and perform tasks based on foreign language skills, and they should be able to understand various cultural and historical backgrounds in various worlds. Along with English education, we provide English lectures, exchange students, English courses, and comparative activities on business majors.
Lastly, we offer a variety of job start-up programs that can directly help with employment and start-ups. In particular, we are expanding programs such as industry-academic cooperation, field training, and internships to gain practical experience. In addition, we will further promote mentor-mentee programs with business administration graduates who are active as management experts in various fields.
Many students are growing and succeeding in business administration. Our department supports students' passion and efforts, and helps them develop their capabilities as creative and innovative leaders. We promise to challenge together to realize your dreams and create opportunities to achieve success in the global business environment.
Detailed information on the Department of Business Administration at Korea Aviation University and inquiries about admission are welcome at any time. If you have any questions about school life, please feel free to consult me. I'm rooting for you growing into a great management expert. Thank you.
Thank you.
Professor Lee Sang-hak of the Department of Business Administration at Korea Aerospace University"""
25.0,"경영학과 교육목표

현대 비즈니스 환경에 필요한 핵심 역량을 갖춘 글로벌 경영 인재를 양성
- 경영학 전공 지식을 바탕으로 한 경영 전문가
- AI 빅데이터 등 최신 기술 기반의 경영 분야 활용 능력
- 글로벌 비즈니스 역량
- 실무 및 창업 역량 배양",http://college.kau.ac.kr/web/pages/gc9018h.do,"""Business Administration Education Goals

Cultivate global management talents with the core competencies needed in the modern business environment
- a business professional with business major knowledge
- Ability to utilize management fields based on the latest technologies such as AI big data
- Global Business Capabilities
- Cultivate practice and start-up capabilities"""
26.0,"경영학과 학과연혁
1973년: 항공관리학과 설립
1980년: 항공관리학과를 항공경영학과로 학과명칭 변경
1996년: 항공경영학광서 경영학과로 학과명칭 변경
1996년: 전국 대학교수협의회의 경영계열 학과평가에서 최우수학과로 선정
2002년: 정보통신부에서 지원하는 비IT교과과정 개편 지원학과로 선정
2006년: 교육인적자원부의 제2단계 두뇌한국21(BK21)사업에 최종 선정
2007년~2011년: AABI(The Avitation Accreditation Board International)국제 인증을 획득
2015년: 경영학부(경영전공/글로벌항공경영전공)로 개편
2019년: 경영학부(경영전공(단일전공))로 개편
2024년: 경영학과로 개편",http://college.kau.ac.kr/web/pages/gc52412h.do,"""A history of business administration
1973: Establishment of the Department of Aviation Management
1980: renaming the department of aviation management to the department of aviation management
1996: Department name changed to Business Administration Department of Aviation Management
1996: selected as the best department in the evaluation of management departments by the National Council of University Professors
2002: Selected as a non - IT curriculum reorganization support department supported by the Ministry of information and communications
2006: Final selection for the second phase brain Korea 21 (BK21) project by the Ministry of Education and Human Resources Development
2007-2011: AABI (The Aviation Accreditation Board International) International Certification
2015: Reorganised to the Faculty of Management (Management Major/Global Aviation Management Major)
2019: Department of Business Administration (Management major (Single major) reorganization
2024: Reorganised to Business Administration"""
27.0,"경영학과 교수진

김기웅교수
서울대학교
전공분야 : 경영학(공인회계사, 증권분석사)
담당과목 : 세법개론, 상법
본관 307호
kimkw@kau.ac.kr

김지희교수
KAIST
전공분야 : 경영학
담당과목 : 경영학원론, 국제경영학, 경영전략
본관 318호
jihee@kau.ac.kr

김진기교수
State University of New York at Buffalo
전공분야 : 경영학(MIS)
담당과목 : 경영정보관리, E-비즈니스
본관 309호
kimjk@kau.ac.kr

김형준교수
KAIST
전공분야 : 경영학
담당과목 : 재무관리, 투자론
본관 406호
creatingnews@kau.ac.kr

송운경교수
George Washington Univ.
전공분야 : 경영학
담당과목 : 재무관리, 기업재무, 국제재무관리
본관 303호
wsong@kau.ac.kr

양현석교수
고려대학교
전공분야 : 경제학
담당과목 : 경제학원론, 미시경제학, 경영수학
본관 312호
yhs7993@kau.ac.kr

원상필교수
성균관대학교
전공분야 : 기술창업
담당과목 : 자본시장의 이해와 창업, 창업아이템개발
본관 310호
wsp@kau.ac.kr

윤문길교수
KAIST
전공분야 : 경영과학
담당과목 : 경영과학, 의사결정론
본관 304호
mgyoon@kau.ac.kr

이남령교수
연세대학교
전공분야 : 경영학
담당과목 : 회계원리, 원가관리회계, 중급회계
본관 316호
nrlee@kau.ac.kr

이동명교수
서울대학교
전공분야 : 경영학
담당과목 : 조직행동론, 감성경영
본관 308호
dmlee@kau.ac.kr

이상학교수
Indiana Univ.
전공분야 : 경영학
담당과목 : 마케팅프로모션 전략, 항공운송마케팅, 엔터테인먼트 마케팅
본관 306호
sanghak.lee@kau.ac.kr

이영수교수
고려대학교
전공분야 : 경제학
담당과목 : 거시경제학, 금융보험제도론
본관 321호
yslee@kau.ac.kr

이윤철교수
서울대학교
전공분야 : 경영학
담당과목 : 경영사례, CSV전략, 글로벌혁신전략
본관 319호
lyc@kau.ac.kr

이현철교수
Texas A&M Univ.
전공분야 : 경영학
담당과목 : 응용통계분석, 생산시스템관리
본관 323호
hclee@kau.ac.kr

박순천교수
한국항공대학교
전공분야 : 경영학
담당과목 : 항공우주산업개론
본관 311호
citypark@kau.ac.kr

신동식교수
호서대학교
전공분야 : 벤처경영학
담당과목 : 기업가정신
본관 403호
dsshin@kau.ac.kr",http://college.kau.ac.kr/web/pages/gc40465h.do,"""Professors of the Department of Business Administration

Professor Kim Ki-woong
Seoul National University
Major field: Business administration (certified accountant, securities analyst)
Subjects in charge: Introduction to tax law, commercial law
Main building 307
kimkw@kau.ac.kr

Professor Kim Jihee
KAIST
Major field: Business administration
Subjects in charge: Business School Theory, International Business Administration, Business Strategy
Main Building No. 318
jihee@kau.ac.kr

Professor Kim Jin-ki
State University of New York at Buffalo
Major field: Business Administration (MIS)
Subjects in charge: Management Information Management, E-Business
Room 309 of the main building
kimjk@kau.ac.kr

Professor Kim Hyung-joon
KAIST
Major field: Business administration
Subjects in charge: Financial management, investment theory
Main building 406
creatingnews@kau.ac.kr

Professor Song Un-kyung
George Washington Univ.
Major field: Business administration
Subjects in charge: Financial management, corporate finance, international financial management
Room 303 of the main building
wsong@kau.ac.kr

Professor Yang Hyun-suk
Korea University
Major field: Economics
Subjects in charge: Economics theory, microeconomics, business mathematics
Room 312 of the main building
yhs7993@kau.ac.kr

Professor Won Won-pil
Sungkyunkwan University
Major field: Technology start-up
Subjects in charge: Understanding capital markets and developing start-up and start-up items
Room 310 of the main building
wsp@kau.ac.kr

Professor Yoon Moon-gil
KAIST
Major field: Business science
Subjects in charge: Business science, decision-making theory
Room 304 of the main building
mgyoon@kau.ac.kr

Professor Lee Nam-ryeong
Yonsei University
Major field: Business administration
Subjects in charge: Accounting Principles, Cost Management Accounting, Intermediate Accounting
Main Building No. 316
nrlee@kau.ac.kr

Professor Lee Dong-myung
Seoul National University
Major field: Business administration
Subjects in charge: Organizational behavior theory, emotional management
Room 308 of the main building
dmlee@kau.ac.kr

Professor Lee Sang-hak
Indiana Univ.
Major field: Business administration
Subjects: Marketing Promotion Strategy, Air Transport Marketing, Entertainment Marketing
Room 306 of the main building
sanghak.lee@kau.ac.kr

Professor Lee Young-soo
Korea University
Major field: Economics
Subjects in charge: Macroeconomics, financial insurance system theory
Room 321 of the main building
yslee@kau.ac.kr

Professor Lee Yoon-chul
Seoul National University
Major field: Business administration
Subjects in charge: Management case, CSV strategy, global innovation strategy
Main building 319
lyc@kau.ac.kr

Professor Lee Hyun-chul
Texas A&M Univ.
Major field: Business administration
Subjects in charge: Applied statistics analysis and production system management
Room 323 of the main building
hclee@kau.ac.kr

Professor Park Soon-cheon
Korea Aviation University
Major field: Business administration
Subjects in charge: Introduction to the aerospace industry
Main building 311
citypark@kau.ac.kr

Professor Shin Dong-sik
Hoseo University
Major: Venture Business Administration
Subject: Entrepreneurship
Main building 403
dsshin@kau.ac.kr"""
28.0,"경영학과 졸업 후 진로

1. 경영/관리직 – 대기업, IT기업, 외국계 기업, 항공사, 항공제작사, 금융/투자사
대한항공, 한진, 삼성그룹, LG그룹, 현대자동차, HD현대건설기계, HD한국조선해양, 롯데그룹 국민은행, 우리은행, IBK기업은행, 신한은행, 농협은행, 유진투자증권, 한국투자증권, 삼성생명, NC소프트, Dell Technologies, 퀄컴코리아, LG디스플레이, 지니뮤직, CJ E&amp;M , 롯데쇼핑, CU, GS25, 다이소, 제너시스 비비큐, 토파스, BMW Korea, Kantar Korea, 딜로이트 코리아, 닐슨코리아, 나이키, 미디어로그,한국항공우주산업(KAI), 제주항공, 티웨이항공,한국도로공사, 한국조폐공사, 한국전력공사, 롯데중앙연구소, 한국타이어 중앙연구소
2. 전문직 – 공인회계사, 변리사, 세무사, 관세사, 공인노무사
회계사 5명, 세무사 3명, 노무사 3명, 감평사 1명 등
3. 교육/연구직
교수: California State University, San Bernardino, University of Huston, Johnson &amp; Wales University(미), Brunel University(영), 오사카국제대학교, 후쿠오카공업대학교(일); 한국항공대, 경기대, 성균관대, 수원대, 영남대, 전남대, 한양대 등 연구원: 한국교통연구원, 한국항공우주연구원, 항공안전기술원, 한국항공우주산업진흥협회 ,해외 유학: Illinois Institute of Technology, University of Illinois at Chicago, Saint Louis University, University of Texas(미), University of Birmingham(영), Lucerne University of Applied Sciences and Arts(스위스) 등",http://college.kau.ac.kr/web/pages/gc81027h.do,"""My career after graduating from business administration.""

1. Management/Management – Large companies, IT companies, foreign companies, airlines, airline manufacturers, finance/investment companies
Korean Air, Hanjin, Samsung Group, LG Group, Hyundai Motor, HD Hyundai Construction Machinery, HD Korea Shipbuilding & Marine Engineering, Lotte Group Kookmin Bank, Woori Bank, IBK Industrial Bank, Shinhan Bank, Nonghyup Bank, Eugene Investment & Securities, Korea Investment & Securities, Samsung Life Insurance, NCsoft, Dell Technologies, Qualcomm Korea, LG Display, Genie Music, CJ E&amp;M, Lotte Shopping, CU, GS25, Daiso, Genesis BBQ, Topas, BMW Korea, Kantar Korea, Deloitte Korea, Nielsen Korea, Nike, Media Log, Korea Aerospace Industries (KAI), Jeju Air, T'way Air, Korea Expressway Corporation, Korea Minting Corporation, Korea Electric Power Corporation, Lotte Central Research Institute, Hankook Tire Central Research Institute
2. Professional – certified public accountant, patent attorney, tax accountant, customs official, certified labor attorney
5 accountants, 3 tax accountants, 3 labor accountants, 1 appraiser, etc
3. an education/research job
Professors: California State University, San Bernardino, University of Huston, Johnson &amp; Wales University (U.S.), Brunel University (Young), Osaka International University, Fukuoka Technical University (Sun); Korea Aerospace University, Gyeonggi University, Sungkyunkwan University, Suwon University, Yeungnam University, Chonnam National University, Hanyang University, and others: Korea Transportation Research Institute, Korea Aerospace Research Institute, Institute of Aviation Safety Technology, Korea Aerospace Industry Promotion Association, Study Abroad: Illinois Institute of Technology, University of Illinois at Chicago, Saint Louis University, University of Texas, University of Birmingham, Lucerne University of Applied Sciences and Arts, Switzerland, etc."""
29.0,"경영학과 행정실
담당업무 : 학과 업무
이메일 : basec@kau.ac.kr
연락처 : 02-300-0090
사무실 : 본관 326호",http://college.kau.ac.kr/web/pages/gc61816h.do,"""Business Administration Office
Responsible task: Department task
Email: baseec@kau.ac.kr
Contact: 02-300-0090
Office: Main Building No. 326"""
30.0,"기계항공공학과 학과소개

기계항공공학과는 기계공학, 항공MRO 분야의 전통 기술과 4차 산업혁명 관련 첨단 기술을 접목한 특성화 교육을 선도하는 학과입니다. 기계항공공학과는 첨단 기술 중 지능형 로봇, 신재생에너지, 스마트 제조 및 설계와 같은 미래 핵심 연구와 교육을 수행하고 있습니다. 이를 위해 열·유체, 제어·동역학, 설계·생산으로 구성된 3개 학문 분야에 대해 균형 있는 교과과정을 편성하여 운영하고 있습니다. 또한 항공정비 엔지니어 양성을 위한 프로그램을 운영하고 있습니다.
본 학과 학생들은 졸업 후에 기계 분야 산업체, 항공사, 연구소, 정부 기관 등 다양한 분야에 진출해서 활동하고 있습니다. 본 학과 소속 교직원은 교육과 연구 뿐만 아니라 학생들의 취업 활동 지원에 적극적으로 참여하고 있으며, 기계공학, 항공정비 분야에서 중추적인 역할을 할 핵심 인재 배출을 위해 노력하고 있습니다.
감사합니다.
한국항공대학교 기계항공공학과 권상주 교수",http://college.kau.ac.kr/web/pages/gc14318h.do,"Introduction of Department of Mechanical and Aeronautical Engineering

The Department of Mechanical and Aeronautical Engineering is a leading department in specialized education that combines traditional technologies in the fields of mechanical engineering and aeronautical MRO with advanced technologies related to the Fourth Industrial Revolution. The Department of Mechanical and Aeronautical Engineering conducts future core research and education such as intelligent robots, renewable energy, and smart manufacturing and design among advanced technologies. To this end, we organize and operate a balanced curriculum for three academic fields consisting of heat and fluid, control and dynamics, and design and production. It also operates a program to train aviation maintenance engineers.
After graduation, students in this department have been working in various fields such as machinery industry, airlines, research institutes, and government agencies. Faculty members of this department are actively participating in supporting students' employment activities as well as education and research, and are striving to produce key talents who will play a pivotal role in mechanical engineering and aviation maintenance.
Thank you.
Professor Kwon Sang-joo of the Department of Mechanical and Aeronautical Engineering, Korea Aerospace University"""
31.0,"기계항공공학과 교육목표

본 학과는 ‘전통 학문과 미래 신기술의 접목과 기계항공(MRO 포함) 특성화 교육을 선도하는 학과’ 라는 비전을 실현하기 위해 다음과 같은 교육목표를 설정하였다.

①기계공학/항공MRO 분야 최신정보기술을 이해하고 응용할 수 있는 창의적 전문인 양성
②공학실무와 관련된 종합적 해석/설계 능력을 갖춘 전문기술인 양성
③윤리적/사회적 책임의식과 국제적 경쟁력을 갖춘 글로벌 리더 양성

이와 같은 교육 목표를 달성하기 위해 설계·생산, 열·유체, 제어·동역학으로 구성된 3개 학문 분야에 대해 균형 있는 교과과정을 편성하여 운영하고 있다. 4차 산업혁명 시대에서 요구하는 항공정비 인력 양성을 위해 항공MRO 프로그램을 운영하고 있으며 2학년에 본 프로그램을 선택할 수 있는 자율성을 학생들에게 부여하고 있다. 본 학과 학생들은 졸업 후에 기계 분야 산업체, 항공사, 연구소, 정부 기관 등 다양한 분야에 진출해서 활동할 수 있다.",http://college.kau.ac.kr/web/pages/gc38841h.do,"""Machinery and Aeronautical Engineering Education Objectives

This department set the following educational goals to realize its vision of a ""department that leads the convergence of traditional studies and future new technologies and specialized education for mechanical aviation (including MRO).

①Training creative professionals who can understand and apply the latest information technology in mechanical engineering/aircraft MRO
②Training professional technicians with comprehensive interpretation/design skills related to engineering practice
③Cultivating global leaders with ethical and social responsibility and international competitiveness

In order to achieve these educational goals, a balanced curriculum is organized and operated for three academic fields consisting of design and production, heat and fluid, control and dynamics. The Aviation MRO program is operated to cultivate aviation maintenance personnel required in the era of the 4th industrial revolution, and students are given the autonomy to choose this program in their second year. After graduation, students in this department can enter and work in various fields such as machinery industry, airlines, research institutes, and government agencies."""
32.0,"기계항공공학과 학과연혁

산업 기술의 발전 추세에 부응하고 학생들에게 학문 선택의 폭을 확대하고자 2000년에 기존의 항공기계공학과, 기계설계학과, 항공우주공학과를 통합하여 항공우주 및 기계공학부를 출범하였으며, 4차 산업 혁명 시대에 적합한 항공 MRO 전문 인력 양성을 위해 2024년부터 항공우주 및 기계공학부에서 기계항공공학과가 분리, 운영된다. 기계항공공학과 내에 항공MRO프로그램이 운영된다. 항공MRO프로그램은 항공정비 엔지니어 양성을 목적으로 운영되는 것이 특징이다.",http://college.kau.ac.kr/web/pages/gc26380h.do,"History of Mechanical and Aeronautical Engineering

In 2000, the Department of Aerospace and Mechanical Engineering was launched by integrating the existing Department of Aerodynamic Engineering, Mechanical Design, and Aerospace Engineering to meet the development trend of industrial technology and expand academic choices for students. The Department of Mechanical and Mechanical Engineering will be separated and operated from the Department of Aerospace and Mechanical Engineering from 2024 to cultivate aviation MRO experts suitable for the era of the Fourth Industrial Revolution. The Aviation MRO program is operated within the Department of Mechanical and Aeronautical Engineering. The Aviation MRO program is characterized by the purpose of training aviation maintenance engineers."""
33.0,"기계항공공학과 교수진

강태곤교수
POSTECH
전공분야 : 미세유체역학, 카오스 혼합, 전산유변학
기계관 320호
02) 300 - 0281 / tgkang@kau.ac.kr

권상주교수
POSTECH
전공분야 : 로봇제어, 메카트로닉스
기계관 317호
02) 300 - 0178 / sjkwon@kau.ac.kr

김경목교수
University of Oxford
전공분야 : 고체역학, 접촉역학, 트라이볼러지
기계관 227호
02) 300 - 0288 / kkim@kau.ac.kr

김기홍교수
전공분야 : 항공전자공학
기계관 225호
02) 300 - 0287 / kihkim@kau.ac.kr

김병규교수
University of Wisconsin-Madison
전공분야 : Muti-Body Dynamics(다물체동역학)
기계관 215호
02) 300 - 0101 / bkim@kau.ac.kr

김종선교수
KAIST
전공분야 : 자동제어, 메카트로닉스
기계관 404호
02) 300 - 0175 / kimjs@kau.ac.kr

문희장교수
University of Rouen
전공분야 : 추진 및 연소공학, 난류
기계관 412호
02) 300 - 0118 / hjm@kau.ac.kr

박성우교수
Imperial College London
전공분야 : 탄소중립/고효율 연소
기계관 409호
02) 300 - 0078 / sungwoo.park@kau.ac.kr

신성재교수
전공분야 : 항공기계공학
기계관 406호
02) 300 - 0106 / sjshin86@kau.ac.kr

오세혁교수
University of California Berkeley
전공분야 : 유체역학
기계관 228호
02) 300 - 0076 / soh@kau.ac.kr

윤해성교수
서울대학교
전공분야 : 생산공학
기계관 405호
02) 300 - 0079 / hsyoon7@kau.ac.kr

이열교수
Pennsylvania State University
전공분야 : 유체공학
기계관 311호
02) 300 - 0113 / ylee@kau.ac.kr

임기현교수
전공분야 : 항공기계공학
본관 420호
02) 300 - 0174 / kihlim@kau.ac.kr

장석필교수
KAIST
전공분야 : 열전달, 열역학, 전자장치냉각, 나노유체
기계관 315호
02) 300 - 0179 / spjang@kau.ac.kr

최경후교수
Texas A&M University
전공분야 : 열전소자 및 나노스케일 열전달
기계관 411호
02) 300 - 0112 / kwchoi@kau.ac.kr",http://college.kau.ac.kr/web/pages/gc29005h.do,"""Professor of Mechanical and Aeronautical Engineering""

Professor Kang Tae-gon
POSTECH
Major fields: microfluidics, chaos mixing, and computational rheology
Mechanical tube No. 320
02) 300 - 0281 / tgkang@kau.ac.kr

Professor Kwon Sang-joo
POSTECH
Major field: Robot control, Mechatronics
Mechanical tube No. 317
02) 300 - 0178 / sjkwon@kau.ac.kr

Professor Kim Kyung-mok
University of Oxford
Major fields: Solid-state mechanics, contact mechanics, Tribolary
Mechanical tube No. 227
02) 300 - 0288 / kkim@kau.ac.kr

Professor Kim Ki-hong
Major: Aeronautical and electronic engineering
Mechanical tube No. 225
02) 300 - 0287 / kihkim@kau.ac.kr

Professor Kim Byung-kyu
University of Wisconsin-Madison
Major field: Muti-Body Dynamics
Mechanical tube No. 215
02) 300 - 0101 / bkim@kau.ac.kr

Professor Kim Jong-sun
KAIST
Major field: automatic control, mechatronics
Mechanical tube No. 404
02) 300 - 0175 / kimjs@kau.ac.kr

Professor Moon Hee-jang
University of Rouen
Major field: Propulsion and combustion engineering, turbulence
Mechanical tube No. 412
02) 300 - 0118 / hjm@kau.ac.kr

Professor Park Sung-woo
Imperial College London
Major field: Carbon neutral/high efficiency combustion
Mechanical tube No. 409
02) 300 - 0078 / sungwoo.park@kau.ac.kr

Professor Shin Seong-jae
Major: Aircraft Mechanical Engineering
Mechanical tube No. 406
02) 300 - 0106 / sjshin86@kau.ac.kr

Professor Oh Se-hyuk
University of California Berkeley
Major field: Hydrodynamics
Mechanical tube No. 228
02) 300 - 0076 / soh@kau.ac.kr

Professor Yun Hae-sung
Seoul National University
Major field: production engineering
Mechanical tube No. 405
02) 300 - 0079 / hsyoon7@kau.ac.kr

Professor Yeol Lee
Pennsylvania State University
Major field: Fluid engineering
Mechanical tube No. 311
02) 300 - 0113 / ylee@kau.ac.kr

Professor Lim Ki-hyun
Major: Aircraft Mechanical Engineering
Room 420 of the main building
02) 300 - 0174 / kihlim@kau.ac.kr

Professor Jang Seok-pil
KAIST
Major fields: heat transfer, thermodynamics, electronics cooling, nano-fluid
Mechanical tube No. 315
02) 300 - 0179 / spjang@kau.ac.kr

Professor Choi Kyung-hoo
Texas A&M University
Major field: thermoelectric element and nanoscale heat transfer
Mechanical tube No. 411
02) 300 - 0112 / kwchoi@kau.ac.kr"""
34.0,"기계항공공학과 졸업 후 진로
기계·항공 제반 산업 전반에 걸친 다양한 분야로 진출하고 있으며 2022년 졸업자(항공우주 및 기계공학부)의 고등교육통계 조사 취업률은 70.4%입니다.

주요 진출 분야
1)   자동차산업분야: 현대･기아자동차, 현대모비스, 한국GM, 쌍용자동차
2)   전자산업분야: 삼성전자, LG전자, SK하이닉스, 삼성디스플레이, LG디스플레이
3)   항공 MRO 분야: 대한항공, 아시아나, 진에어, 에어부산
4)   중공업 및 건설분야: 현대중공업, 대우조선해양, 삼성중공업, 두산중공업, 현대건설, 대우건설, 포스코건설, 롯데건설
5)   공기업: 한국전력 및 발전 자회사, 가스공사, 에너지관리공단
6)   정부출연연구소: 국방과학연구소, 한국기계연구원, 한국에너지기술연구원, 한국건설기술연구원, 철도기술연구원",http://college.kau.ac.kr/web/pages/gc95228h.do,"""Career after graduating from mechanical and aeronautical engineering major
The employment rate of graduates (Department of Aerospace and Mechanical Engineering) in the Higher Education Statistics Survey in 2022 is 70.4%.

Major areas of entry
1)   Automotive Industry: Hyundai/Kia Motors, Hyundai Mobis, GM Korea, Ssangyong Motor
2)   Electronics Industry: Samsung Electronics, LG Electronics, SK Hynix, Samsung Display, LG Display
3)   Air MRO Sector: Korean Air, Asiana, Jin Air, Air Busan
4)   Heavy Industries & Construction: Hyundai Heavy Industries, Daewoo Shipbuilding & Marine Engineering, Samsung Heavy Industries, Doosan Heavy Industries & Construction, Hyundai Engineering & Construction, Daewoo Engineering & Construction, POSCO E&C, Lotte E&C
5)   Public corporations: Korea Electric Power Corporation and its power generation subsidiaries, Korea Gas Corporation, Korea Energy Management Corporation
6)   Government-funded research institutes: National Defense Research Institute, Korea Institute of Machinery and Materials, Korea Energy Research Institute, Korea Institute of Construction and Technology, Korea Railroad Research Institute."""
35.0,"기계항공공학과 행정실
담당업무 : 교과과정 및 졸업요건
이메일 : aesec@kau.ac.kr
연락처 : 02-300-0100
사무실 : 기계관 300호

담당업무 : 장학 및 구매, 대학원
이메일 : mdsec@kau.ac.kr
연락처 : 02-300-0170
사무실 : 기계관 300호",http://college.kau.ac.kr/web/pages/gc46927h.do,"""Machine and Aeronautical Engineering Administration Office
Tasks: Curriculum and graduation requirements
Email: aesec@kau.ac.kr
Contact: 02-300-0100
Office: Mechanical Building 300

Responsible for: Scholarship and Purchase, Graduate School
Email: mdsec@kau.ac.kr
Contact: 02-300-0170
Office: Mechanical Building 300"""
36.0,"기계항공공학과 교육과정소개
본 학과의 교육 과정은 기계공학 첨단기술을 접목한 교육 커리큘럼을 구성하고, 기계 장치의 기본 원리 및 응용 그리고 항공 MRO 이론, 실무 교육을 통해 시대가 요구하는 첨단 기계·항공 전문인력을 양성한다. 첨단 전략산업으로 부상하고 있는 지능형 로봇, 신·재생에너지, 스마트 제조, 항공기 정비에 관한 기초 이론과 해석/설계 능력을 배양하고, 산업체 현장 실습을 통해 배운 능력을 실제 산업 현장에 적용한다.
1학년에는 전문교양, 2, 3학년에는 전공 교과목을 수강하고, 4학년에는 산업체 실무 및 실습(또는 교내 연구실에서 산학 연구과제 참여)을 통해 배운 지식을 실제 산업 현장에 적용하는 기회를 가진다.
또한 항공 MRO프로그램은 항공정비 자격 증명에 필요한 교과목 위주로 구성되어 있으며, 해당 프로그램의 모든 학과 및 실습 교과목 이수 시 국토교통부 항공정비사 자격 증명 시험에 응시할 수 있다. 항공MRO 프로그램은 기계항공공학과 1학년생 모두 지원할 수 있으며 정원 초과 시 학과에서 마련된 기준에 의해 프로그램 참여자를 선발한다.",http://college.kau.ac.kr/web/pages/gc1481h.do,"""Introduction of Mechanical and Aeronautical Engineering Curriculum
The curriculum of this department composes an educational curriculum incorporating advanced mechanical engineering technologies, and fosters advanced mechanical and aviation professionals required by the times through basic principles and applications of mechanical devices, aviation MRO theory, and practical training. It cultivates basic theories and interpretation/design capabilities for intelligent robots, new and renewable energy, smart manufacturing, and aircraft maintenance, which are emerging as advanced strategic industries, and applies the capabilities learned through industrial field practice to actual industrial sites.
In the first year, they take professional liberal arts, in the second and third grades, and in the fourth year, they have the opportunity to apply the knowledge learned through industry practice and practice (or participation in industry-academic research projects in the on-campus lab) to actual industrial sites.
In addition, the aviation MRO program consists mainly of subjects necessary for aviation maintenance qualification, and you can take the Aviation Technician Qualification Test of the Ministry of Land, Infrastructure and Transport when you complete all departments and practical courses of the program. The Aviation MRO program is applicable to both first-year mechanical and aeronautical engineering students and selects program participants based on the criteria established by the department when the quota is exceeded."""
37.0,"기계항공공학과 교과과정 체계도
항공MRO 프로그램은 2학년 진급 시 신청할 있으며 정원(36명)을 초과 시 별도로 마련된 규정
(예, 성적 순)에 따라 선발함",http://college.kau.ac.kr/web/pages/gc75909h.do,"Mechanical Aeronautical Engineering Curriculum System Chart
Aviation MRO program is applied for promotion of 2nd grade, and separate regulations for exceeding the quota (36 students)
(Yes, in order of grades)"
38.0,"항공대 일주일 식단표

● 월요일(12.18)  중식(한식) - 6000원 소고기된장찌개 (소:호주산) 백미밥 완자조림 (닭,돼지:국산) 느타리버섯볶음 깻잎지 깍두기 11:00 ∼ 14:00




● 화요일(12.19)  중식(한식) - 6000원 국물떡볶이 김밥볶음밥 (햄[닭][돼지]:국산) 우동국물 찐순대 모듬튀김 포기김치 11:00 ∼ 14:00




● 수요일(12.20)  중식(한식) - 6000원 고구마닭갈비 (닭:국내산) 백미밥 들깨미역국 계란찜 시금치나물 포기김치 11:00 ∼ 14:00




● 목요일(12.21)  중식(한식) - 6000원 콩나물돈육불고기 (돼지:국내산) 백미밥 건새우아욱국 쥬키니애호박볶음 고춧잎무침 포기김치 11:00 ∼ 14:00




● 금요일(12.22)  중식(한식) - 6000원 잔치국수 추가밥 임꺽정떡갈비&파채무침 (돼지,소,닭:국내산) 포기김치 후식팥죽 11:00 ∼ 14:00


",https://www.kau.ac.kr/web/pages/gc13087b.do,meal menu
39.0,"항공대 소개  건학정신
개척자적 정신을 배양하고, 지성인으로서의 교양과 첨단의 과학기술로 무장하여, 새로운 시대의 역사적 소임을 다할 수 있는 능력있는 선도자를 배출

교육이념(교훈)
인격도야(人格陶冶) : 마음과 몸매를 맑게
진리탐구(眞理探究) : 학문과 창의를 넓게
인화협동(人和協同) : 화협과 단결을 굳게

교육목적
항공우주과학을 중심으로 국가사회와 인류발전에 필요한 다양한 학문분야에 관한 이론과 응용방법을 교수 및 연구지도자로서의 인격과 실력을 갖춘 유능한 인재양성

교육목표
항공우주과학을 중심으로 한 관련분야의 전문인 육성
이론과 실무능력을 동시에 견비한 인재 양성
사회 적응력이 뛰어난 균형 잡힌 지성인 양성

핵심역량

글로벌소통역량Smart Global collaborators
공간과 시간, 언어의 장벽을 넘어 소통하고 협력할 수 있는 역량

전문탐구역량Passionate Explorers
전문분야에 대한 기본역량을 바탕으로 문제를 해결할 수 있는 역량

통섭융합역량All-Round Experts
인문학적 소양과 전문분야의지식을 융합하여 문제를 해결할 수 있는 역량

창의도전역량Creative challengers
창의와 도전 정신으로 새로운 미래를 개척할 수 있는 역량

윤리인성역량Ethical Leaders
도덕성을 바탕으로 화합과 봉사의 정신을 구현할 수 있는 역량

본 대학은 조국이 걸어온 험난한 역사만큼이나 고난과 영광이 교차된 발전의 과정을 거쳐 오면서 국가가 필요로 하는 항공분야의 전문인력을 꾸준히 배출하여 사회의 각 분야에서 중추적 역할을 담당하도록 해왔다.  졸업생들이 오늘날 항공산업의 여러 관련분야에서 수행하는 역할은 지대하다고 말하지 않을 수 없다. 이들은 항대의 상징인 송골매의 옹골찬 정신을 간직하고 올곧은 사람으로 각자의 역할을 충실히 수행하며 국가발전의 역군으로 활약하고 있다.

문의 : 기획홍보팀/정인교
전화번호 : 02-300-0041
E-mail : igjung@kau.ac.kr",https://kau.ac.kr/web/pages/gc3480h.do,"""Introduction to Aviation University""
Cultivating pioneering spirit, cultivating intellectual culture and high-tech science and technology to produce capable leaders who can fulfill the historical duties of a new era

Educational ideology (teaching)
Personality 格陶冶: Clearing the mind and body
The search for truth (眞 and 探究): Study and creativity are broadened
Human 和協同: Strengthen harmony and unity

Educational purposes
Cultivating competent human resources with character and skills as a professor and research leader in theories and application methods necessary for the development of national society and humanity, focusing on aerospace science

Educational objectives
Fostering experts in related fields centered on aerospace science
Cultivating talent that compares theory and practical skills at the same time
cultivation of well-rounded intellectuals with excellent social adaptability

Core competencies

Global Communication Competency Smart Global Collaborators
Ability to communicate and collaborate across space, time and language barriers

Professional Exploration Competency Passionate Explorers
Ability to solve problems based on basic competencies in the field of expertise

Integrated Convergence Capabilities All-Round Experiences
Ability to solve problems by converging humanities literacy with knowledge in specialized fields

Creative Challengers for Creative Challengers
Ability to pioneer new futures with creativity and challenging spirit

Ethical Personality Competency Ethical Leaders
The ability to embody the spirit of harmony and service based on morality

As with the difficult history of the country's journey, the university has consistently produced professional manpower in the aviation field needed by the country and played a pivotal role in each field of society as it has gone through a process of development that has been mixed with hardship and glory. It cannot be said that the role that graduates play in various related fields of the aviation industry today is significant. They retain the spirit of the peregrine falcon, the symbol of the resistance, and are playing a role in national development by faithfully performing their roles as upright people.

Inquiries: Planning and Public Relations Team / Jeong In-gyo
Phone number: 02-300-0041
E-mail : igjung@kau.ac.kr"""
,"※ 외부인 본교 시설물 이용에 관한 문의 : 본교 사무처 총무팀  ☎ 02-300-0033

시설사용 원칙
예약가능 시설 및 신청방법

1. 시설사용 신청 대상 및 사용목적

본교 재학생 / 학생활동 및 행사, 소모임, 동아리 활동

2. 시설사용원칙

축구장 및 풋살장은 전체학생들이 이용할 수 있도록 팀별(소모임) 주1회 사용을 원칙으로 하며, 1일 2시간 초과하여 사용 시 적발되면 1개월간 사용을 정지합니다.  축구장 및 풋살장은 토요일, 일요일에 외부기관 대여로 예약이 진행되며 '예약가능 시설 및 신청방법'을 참조하여 신청하시기 바랍니다.
다음 학기 시간표 및 계절학기 시간표 배정 관계로 방학 중 홈페이지 신청은 불가하며, 방학 중에 시설사용이 필요한 학생, 부득이 상기 사용 원칙 이외의 사항으로 시설물을 사용해야 할 경우는 학생지원팀에 방문하여 신청하시기 바랍니다.
동일 장소에 1일 1회에 한하여 예약 가능, 1회 사용시간은 2시간을 초과할 수 없습니다. 동일 장소를 1일 이상 연속 예약은 불가하며 부득이한 사정이 있을 경우 학생지원팀에 방문하여 신청하여야 합니다.
사용 예약은 2주 이내 신청 할 수 있으며 당일 예약은 불가합니다.(단 학부(과), 중앙동아리 공식행사의 경우 2주 이전에도 학생지원팀에서 검토 후 예약가능합니다.)
예약 장소에서 일정이 취소될 경우 다른 학생들을 위해서 반드시 취소하여 주시기 바랍니다.
예약이 완료되었어도 교내 행사 발생 시 시설사용이 제한 될 수 있습니다.
동아리 행사는 시설물 사용과 별도로 행사집회허가원(별첨양식(3) 양식 바로 다운로드)을 작성하여 지도교수 확인 후 학생지원팀에 제출하여야 합니다.
음향장비(프로젝트, 마이크 등) 사용 시 장비대여신청서(별첨양식(4)클릭 양식 바로 다운로드)를 작성하여 기계관 1층 실험실습 교육지원실(공과대학)으로 제출하여 주시기 바랍니다.

3. 기타사항

위 2항 사용원칙을 지켜주시고 시설물 사용에 있어서 항대인으로 주인의식을 갖고 깨끗하게 사용하여 주시기 바랍니다.
사용목적과 실제 내용이 상이할 경우 승인을 취소할 수 있으며 이용 기간 및 일일 이용시간을 준수해 주시기 바랍니다.
신청내용을 이행하지 아니하거나 학교 측의 정당한 주문사항을 거부할 경우에는 사용 중에라도 그 승인을 취소 할 수 있습니다.
각종 안전사고에 대한 모든 책임은 사용자가 집니다.
시설물의 청결이 그대로 유지될 수 있도록 하고 이용 종료 후 시설, 청결 등에 관한 이상 유무를 확인하고 이상이 있을 경우 학생지원팀에 반드시 신고를 하여야 합니다.

1. 예약 가능 시설현황
예약 가능 시설 : 과학관 - 매학기 5~7개 예약가능 강의실 오픈
이용시간 : 09:00 ~ 23:00

예약 가능 시설 : 운동장, 풋살 경기장
이용시간 : 09:00 ~ 21:00
참고사항 : 외부기관 대여(아래 요일의 시간에는 예약 불가) - 매주 토요일 10:00 ~ 24:00 / 일요일 09:00 ~ 24:00

예약 가능 시설 : 농구장(테니스장 쪽)
이용시간 : 09:00 ~ 21:00

예약 가능 시설 : 항공우주센터 2층 국제회의장
이용시간 : 09:00 ~ 22:00
참고사항 : 총회나 공연 등 규모가 큰 행사 시만 대여가능하며, 학생지원팀에 방문신청

예약 가능 시설 : 공학관 1층 대강당
참고사항 : 참석인원 규모가 200명 이상일 경우만 대여가능하며, 학생지원팀에 방문신청

2. 신청방법

인터넷 신청 바로가기 클릭 ☞
바로가기

예약일자에 시설물 이용 시 예약내용 출력하여 확인증으로 사용하시기 바랍니다.

3. 문의처

본교 재학생 시설사용 : 학생회관 2층 학생지원팀 ☎ 02-300-0023
외부인 시설사용 : 본관 2층 총무팀 ☎ 02-300-0033
야간조명 시설사용 : 대강당 앞 신관경비실 ☎ 02-300-0473

문의 : 학생지원팀/학생회관 206호
전화번호02-300-0023
E-mailijy337@kau.ac.kr",https://kau.ac.kr/web/pages/gc25111h.do,"Inquiries about the use of facilities of our school by outsiders: General Affairs Team of our office ☎ 02-300-0033

Principles of facility use
Reservation available facilities and application methods

1. Subject to application for use of facilities and purpose of use

Student / Student activities, events, small business, club activities

2. Principles of facility use

In principle, soccer fields and futsal fields should be used once a week by team (small gatherings) so that all students can use them, and if they are caught using them for more than two hours a day, the use will be suspended for one month. Soccer fields and futsal fields will be booked on Saturdays and Sundays by renting external institutions, and please refer to the ""Reservationable Facilities and Application Method.""
It is not possible to apply for the website during the vacation due to the allocation of the schedule for the next semester and the seasonal semester, and if students who need to use facilities during vacation or if they have to use facilities for matters other than the above principles, please visit the student support team to apply.
Reservations can be made only once a day in the same place, and the time of use cannot exceed two hours. Reservations for the same place cannot be made for more than one consecutive day, and if there is an unavoidable circumstance, the student support team must visit and apply.
Reservations for use can be made within two weeks, and reservations cannot be made on the same day. (However, in the case of undergraduate (department) and central club official events, reservations can be made after review by the student support team even before two weeks.)
If the schedule is canceled at the reservation place, please cancel it for other students.
Even if the reservation is completed, the use of the facility may be restricted in case of an on-campus event.
Club events must be submitted to the student support team after confirming the supervisor by filling out an event assembly permit (attached form (3) immediately downloading) separately from the use of facilities.
When using acoustic equipment (project, microphone, etc.), please fill out the equipment rental application (attached form (4) click form immediately download) and submit it to the laboratory training support room (technical college) on the 1st floor of the machine hall.

3. Other matters

Please observe the principle of use in paragraph 2 above and use it cleanly with a sense of ownership in using facilities.
If the purpose of use and the actual contents are different, the approval may be canceled, and please comply with the usage period and daily usage time.
If the application is not fulfilled or the school rejects the legitimate order, the approval may be revoked even during use.
The user is responsible for all safety accidents.
Make sure that the cleanliness of the facilities is maintained, and after the end of use, check whether there is any abnormality in facilities, cleanliness, etc., and if there is any abnormality, make sure to report it to the student support team.


1. Status of available facilities
Reservation facilities: Science Museum - Open 5-7 reservation rooms every semester
Usage hours: 09:00 to 23:00

Reservation facilities: Playground, futsal stadium
Usage hours: 09:00 to 21:00
Note: Renting an external institution (booking cannot be made on the following day of the week) - 10:00-24:00 every Saturday / 09:00-24:00 every Sunday

Reservation facilities: Basketball court (tennis court side)
Usage hours: 09:00 to 21:00

Reservation facility: International conference hall on 2F of Aerospace Center
Usage hours: 09:00 to 22:00
Note: Only large-scale events such as general meetings or performances can be rented, and you can apply for a visit to the student support team

Reservation facility: Auditorium on the 1st floor of the Engineering Hall
Note: Only those who attend more than 200 people can rent it, and apply for a visit to the student support team

2. Application method

Click the Internet application shortcut ☞
Shortcuts

When using the facility on the reservation date, please print out the reservation details and use it as a confirmation certificate.

3. Contact Us

Use of student facilities at this school: Student support team on the 2nd floor of the student center ☎ 02-300-0023
Use of facilities for outsiders: General Affairs Team 2nd floor of the main building ☎ 02-300-0033
Night lighting facilities: New building security office in front of the auditorium ☎ 02-300-0473

Inquiries: Student support team/student center room 206
Phone number 02-300-0023
e-mailijy337@kau.ac.kr"
,"의료지원실 소개
1. 인사말

의료지원실은 학생 및 교직원 여러분의 건강유지 및 증진을 위하여 의료서비스 제공, 건강 상담, 구급약품 지원, 보건교육 등에 최선을 다하고 있습니다. 재학생 및 교직원 여러분 누구나 자유롭게 의료지원실에 방문하여 응급 처치, 건강 상담, 일차 투약 등의 의료서비스를 제공받으실 수 받을 수 있습니다. 양질의 의료서비스가 제공될 수 있도록 항상 노력하겠습니다.

2. 이용안내

위 치 : 학생회관 2층 224호
연락처 : 02-300-0024(내선 024)
운영일시 : 월~금/09:00~18:00(점심시간 12:00~13:00)

3. 시설소개

4. 의료지원

응급처치 및 일반의약품 투약

교내에서 발생한 외상치료와 감기, 소화불량 등 단순증상에 대한 투약(전문의약품 제외)
응급상황 발생 시 응급처치

건강 상담 및 교육 : 질병의 조기 발견 및 건강에 대한 올바른 지식 제공

건강증진 프로그램

금연클리닉(타기관 연계), 일산화탄소 검사, 금연 보조제 제공과 금연 상담(매학기 진행)

학교행사 의료지원 : 신입생 새로배움터, 축제 등 학교의 공식적인 행사 시 의료지원

5. 건강검사

자동 혈압계, 신장체중계, 혈당계, 시력표를 이용한 검사로 질병의 예방

6. 안정실 이용

이용시설 : 침대 3개
이용시간 : 09:00 ~ 18:00

7. 구급함 대여

각종 공식행사(동아리 활동, 농활, 체육대회, 교직원 연수 등)시 구급약품의 지원을 통해 진료 기회를 확대함
대여방법: 의료지원실 방문 신청

행사 특성, 인원에 따라 의약품의 양이 달라질 수 있음

문의 : 의료지원실/학생회관 224호
전화번호02-300-0024
E-mailejp0918@kau.ac.kr",https://kau.ac.kr/web/pages/gc62234h.do,"Introduction to the Medical Support Office
1. Greetings

The medical support office is doing its best to provide medical services, health counseling, first aid medicine support, and health education to maintain and promote the health of students and faculty members. Any current student and faculty member can freely visit the medical support office and receive medical services such as first aid, health counseling, and first-line medication. We will always strive to provide high-quality medical services.

2. Use guide

Location: 224th floor, 2nd floor of the student center
Contact: 02-300-0024 (ext. 024)
Business date: Monday–Friday, 09:00-18:00 (Lunch time from 12:00 to 13:00)

3. Introduction of facilities

4. Medical support

First aid and over-the-counter medication

Trauma treatment on campus and medication for simple symptoms such as cold and indigestion (excluding prescription drugs)
First aid in case of emergency

Health counseling and education: early detection of disease and providing the correct knowledge of health

a health promotion program

Non-smoking clinics (linked to other institutions), carbon monoxide tests, anti-smoking assistance, and anti-smoking counseling (conducted every semester)

Medical support for school events: Medical support for official school events, such as new learning centers and festivals for freshmen

5. a medical examination

Prevent disease by using automatic blood pressure gauges, height scales, blood glucose gauges, and vision tables

6. Use of a stable room

Facilities: 3 beds
Usage hours: 09:00 to 18:00

7. first aid kit rental

Expansion of medical treatment opportunities through the support of emergency medicines at various official events (club activities, agricultural activities, sports competitions, faculty training, etc.)
How to rent: Apply for a visit to the medical support office

The amount of medicine may vary depending on the characteristics of the event and the number of people

Inquiries: Medical support room/student center room 224
Phone number 02-300-0024
e-mailejp0918@kau.ac.kr"
,"예비군대대 위치 및 연락처

1) 위치 : 학생회관 2층(226호)
2) 대대장 : 조인제(02-300-0270)
3) 참모 : 김형락(02-300-0267)

예비군대대 운영방침

1) 자원관리부대 교육훈련 주기와 대학 학사일정 조율을 통하여 예비군 훈련에 전념할 수 있는 여건마련
2) 대학내 예비군 행정서비스 구축으로 예비군 훈련 관련 신속 / 정확한 정보 확인 및 개인별 불이익 발생 사전 예방
3) 예비군훈련 3대 불편사항(교통, 급식, 편의시설 이용) 해소를 위하여 매년 학생예비군 육성지원 체계 확립4) 예비군 훈련간 안전사고 예방을 위하여 현장 확인감독 및 조치사항에 대한 시스템 구축 등 예비군 교육훈련의 내실화 추구

예비군 조직대상

1) 신분별 예비군 편성기간
단기하사(만 40세), 중사(만 45세), 상사(만 53세)
소위~대위(만 43세), 소령(만 45세), 중령(만 53세)

2) 예비역 / 보충역의 병사 : 전역 후 8년차까지 편성(전역일 기준 익년도 1월 1일부 예비역 1년차)

예비군대원 신고기간 및 방법

1) 대학 종합정보시스템 이용 신고기간 : 매학기 수업일수 4주선까지(1월초~3월말, 7월초~9월말) / 이후 예비군대대 방문신고2) 종합정보시스템 이용 신고방법 : 접속 / 로그인 → 학사시스템 → 개인정보 → 예비군 편성신고 → (우측하단) 등록하기 클릭3) 신고(편성) 제외대상 : 수업연한 초과자, 졸업유예자, 졸업(수료)생, 휴학생, 유급생, 전문(특수)과정, 연구과정, 관리과정 4) 예비군대원 신고 이후 개인 E-mail, 휴대전화 변경시 수정 안내(필수)           	예비군 홈페이지(https://yebigun1.mil.kr) 접속 / 로그인 → 나의정보 → 개인정보 수정에서 변경예비군 홈페이지 접속제한 시 대학 예비군대대 사무실 전화 또는 방문 / 수정요청

예비군 교육훈련

1) 신분 / 연차별 교육          	
교수 / 학생(대학원) 1~6년차 8시간
직원 1~4년차 32시간, 직원 5~6년차 20시간
※ 전역 당해년도, 7~8년차 예비군대원 훈련 미부과(단, 전년도 이월훈련 대상자는 제외)
2) 훈련시기 및 훈련시간     	
훈련시기 : 학기중 3회(1차, 2차, 3차) / 1학기 재학생(1학기내 3차까지 실시), 2학기 신규 예비군(2학기내 3차까지 실시)
훈련시간 : 09:00~18:00(입소시간 09:00 이후 1분이라도 지연도착시 입소 불가)
※ 훈련복장 : 전투복, 전투화, 전투모(베레모) 착용 준수 / 복장 미준수시 입소불가
3) 훈련통보      	
1차훈련 : 홍보(대학 홈페이지 일반공지 게재, 학부 사무실 안내, 개별 문자메세지 발송 등 입체적인 홍보)
2차, 3차훈련 : 개인별 소집통지서 발급(장소 : 예비군대대 사무실)
※ 3차훈련 무단불참시 고발조치

훈련일정 자율선택, 휴일 / 전국단위 예비군훈련 신청방법

1) 예비군 홈페이지 접속/로그인 → 훈련일정 자율선택, 휴일/전국단위훈련 메뉴 선택 → 훈련신청 → 통지서 출력 → 훈련참석            
2) 훈련 희망일자 및 훈련장소는 본인이 직접 선택(예비군 홈페이지에서 개별 확인)

교육장소          
1) 일산 예비군훈련장 : 경기도 고양시 일산서구 고양대로 429          
2) 송포 예비군훈련장 : 경기도 고양시 일산서구 덕이로 104-36
유의사항

1) 학생 신분이 상실된 경우(휴학, 자퇴 등) 지역 예비군중대로 전출 / 추후 복학 등 재등록시 종합정보시스템 이용 신고 필수2) 수업연한 초과자, 졸업유예자는 재학중이라도 지역 예비군중대로 전출 / 지역 예비군중대에서 부여된 훈련 이수 3) 당해 지역 예비군중대에서 부과된 2차훈련을 무단불참하고 학생 예비군으로 편성되었을 경우 해당훈련을 부과함    ex) 지역 예비군중대 동미참(32시간) 2차훈련을 무단불참한 후 학생 예비군으로 편성시 동미참(32시간) 3차훈련이 부과됨

문의 : 예비군대대/조인제
전화번호02-300-0270
E-mailijcho@kau.ac.kr",https://kau.ac.kr/web/pages/gc37548h.do,"Reserve Battalion Location and Contact

1) Location: Student Center 2nd floor (Room 226)
2) Battalion Chief: Jo In-je (02-300-0270)
3) Staff: Kim Hyung-rak (02-300-0267)

the operational policy of the Reserve Battalion

1) Establishment of conditions to concentrate on the training of the reserve forces by adjusting the training cycle of the resource management unit and the academic schedule of the university
2) Establishment of administrative services for reserve forces in universities to quickly/accurate information related to reserve forces training and prevent individual disadvantages in advance
3) Establishment of a support system for fostering students' reserve forces every year to resolve the three major inconveniences (use of transportation, meals, and convenience facilities) Pursue the substantial improvement of education and training for reserve forces, such as supervising on-site inspection and establishing a system for measures, to prevent safety accidents during training for reserve forces

Reserve organization target

1) Period of Reserve Army Organization by Status
Short-term sergeant (40 years old), sergeant (45 years old), and boss (53 years old)
Lieutenant-Captain (43), Major (45), Lieutenant-Colonel (53)

2) Soldiers in reserve/supplementary service: Organized until the 8th year after discharge (first year of reserve service on January 1 of the following year based on the date of discharge)

Period and method for reporting reserve soldiers

1) Period of reporting the use of the comprehensive university information system: Up to four weeks of each semester's class days (early January to the end of March, early July to the end of September) / After that, report on the visit to the reserve forces 2) How to report the use of the comprehensive information system: access / login → academic system → personal information → report on the arrangement of reserve forces → (click on the bottom right) → (registration of reserve forces) Exclusion of report (organization) Subject to exclusion: Those who have exceeded the duration of study, those who have been suspended from graduation, those who have graduated (college graduate), those who have been on leave (completion), students on leave, paid students, professional (special) course, research course, management course 4) After reporting reserve forces, personal e-mail, mobile phone modification guide (required) access to the reserve forces website (https://yebigun1.mil.kr ) / login → My information → Change in the homepage of the reserve forces When the access to the reserve forces is restricted, visit or request for revision by phone to the office of the university reserve forces battalion

Reservists' training and training

1) status/yearly education          	
Professor / Student (graduate school) 8 hours in year 1 to 6
32 hours for employees in 1st to 4th year and 20 hours for employees in 5th to 6th year
※ Non-imposition of training for reserve soldiers in the relevant year and year 7-8 of the discharge (excluding those subject to the previous year's carryover training)
2) Training time and training time     	
Training period: 3 times during the semester (1st, 2nd, 3rd) / 1st semester students (open until 3rd within 1st semester), 2nd semester new reserve groups (open until 3rd within 2nd semester)
Training time: 09:00 to 18:00 (Admission cannot be made if arriving delayed even by 1 minute after 09:00 admission time)
※ Training suit: Compliance with wearing combat suit, combat boots, and beret (beremo) / Do not enter if you do not comply with clothes
3) Training notification      	
1st training: Public relations (three-dimensional publicity such as publication of general notices on the university website, guidance of undergraduate offices, and sending individual text messages)
2nd and 3rd Training: Issuance of individual call-up notices (Place: Reserve Battalion Office)
※ 3rd Training Unauthorized Non-attendance Complaint Measures

How to apply for training schedule autonomous selection, holiday/national reserve army training

1) Accessing/login to the reservist website → Self-selecting training schedule, selecting holiday/national training menu → Application for training → Output notice → Attendance of training            
2) Select the desired date and place of training by yourself (check individually on the reservist website)

Place of education          
1) Ilsan Reserve Training Center: 429 Goyang-daero, Ilsan Seo-gu, Goyang-si, Gyeonggi-do          
2) Songpo Reserve Training Center: 104-36, Deoki-ro, Ilsan Seo-gu, Goyang-si, Gyeonggi-do
Notes to be noted

1) In the event of student status loss (leave of school, drop out, etc.) Transfer to a local reserve army company / report on the use of the comprehensive information system when re-registration such as return to school 2) Transfer to a local reserve army company even if they are enrolled, and those who are suspended from graduation are transferred to a local reserve army company / Complete training granted by a local reserve army company 3) If the second training imposed by the local reserve army company is not allowed to attend without permission and is organized as a student reserve, the relevant training will be imposed ex) The third training will be imposed when the second training is organized as a student reserve after the second training of the local reserve army company (32 hours) is absent without permission

Inquiry: Reserve Battalion/Jointments
Phone number 02-300-0270
e-mailijcho@kau.ac.kr"
,"학군단(ROTC)제도

학군단 바로가기

1. 창설

대통령령으로 제정된 학생군사교육 실시령(1971. 6. 26) 에 따라 국가 방위의 주역인 초급장교 양성을 목표로 창설

2. 학군제도

2학년 재학생 중 우수한 인재를 선발하여 3,4학년 동안 대학생활과 더불어 소정의 군사교육을 통하여 장교로 임관시키는 제도

3. 복무기간

조종자원은 임관 후 전원이 장기자원으로서 복무기간이 10년이 됩니다.일반자원은 복무기간이 3년이며, 학군장학금을 받게되면 수혜 기간만큼 복무기간이 연장됩니다.

지원자격 및 구비서류
1. 지원자격

① 연령 : 임관일 기준 만20세~27세까지의 남자
② 지원가능 대학 : 항공대학교, 한서대학교(항공학부)
③ 학력 : 2학년 재학생 중 3학년 진학 및 졸업학점 취득이 가능하다고 대학에서 추천된 자
④ 군인사법 제10조(임용결격사유)에 저촉되지 아니한 자
⑤ 장기복무 지원(운항과 학생에 한함)

2. 구비서류
1차전형 대상자 제출서류

① 지원서(공군 소정서식) 1부
② 성적증명서(1학년 전체학기 성적) 2부
③ 사진(3×4cm) 3매
④ 호적등본 및 주민등록등본 각 2부
⑤ 장기복무 지원서 1부 (운항과 재학생에 한함)
⑥ 성적증명서(2학년 1학기) 2부
⑦ 신원진술서(공군 소정서식) 2부

문의 : 학군단 행정실
전화번호02-300-0233",https://kau.ac.kr/web/pages/gc37548h.do,"School District (ROTC) system

School District Shortcuts

1. the creation of

In accordance with the Enforcement Decree of the Student Military Education (June 26, 1971) enacted by the Presidential Decree, it was established with the aim of cultivating beginner officers who are the main players in national defense

2. school district system

A system in which excellent talents are selected among second-grade students and commissioned as officers through prescribed military education along with college life during the third and fourth grades

3. the length of one's service

Piloting resources are long-term resources after being commissioned, and the service period is 10 years. General resources have a three-year service period, and if you receive a school district scholarship, the service period will be extended for as long as the beneficiary period.

Eligibility and required documents
1. Eligibility to apply

① Age: Men aged 20 to 27 as of the date of appointment
② Applicable universities: Aviation University, Hanseo University (Department of Aviation)
③ Academic background: A person recommended by the university to enter the third grade and obtain graduation credits among 2nd grade students
④ A person who does not violate Article 10 of the Military Personnel Act (Reasons for disqualification from appointment)
⑤ Long-term service support (only for students in the Department of Operation)

2. required documents
Submission documents for those eligible for the first round of screening

① a copy of the application (a prescribed form for the Air Force)
② Report Certificate (Grades for the entire semester of the first year) Part 2
③ 3 photos (3×4 cm)
④ Two copies each of the family register and resident registration
⑤ One copy of the long-term service application (only for current students in the Department of Operation)
⑥ Report card (first semester of 2nd grade) Part 2
⑦ Part 2 of the identification statement (Air Force prescribed form)

Contact: School District Administration Office
Phone number 02-300-0233"
,"시험과 성적
제13조 (시험의 구분) 본 대학교에서 실시하는 시험은 정기시험과 수시시험으로 구분한
다.
1. 정기시험은 매 학기 말에 시행한다.
2. 수시시험은 교과목 담당 교수가 필요하다고 인정할 때 수시로 시행할 수 있다.
제14조 (자격상실) 학점 취득 자격이 상실되는 성적은 다음 각호에 해당하며, 학적부에 F로 기재한다.
1. 학칙 제30조 제2항에 의거 총 수업시간 수의 1/4 이상 결석한 과목의 성적
2. 시험 중 부정행위로 취득한 과목의 성적
3. 기타 관련법에 의거 부정한 청탁 등의 행위로 취득한 성적
제14조의2 (유고 결석) 제1항, 유고 결석을 하는 학생은 사유 발생 전이나 발생 즉시 또는 급박한 사정이 있는 경우에는 결석 후 1주일 이내에 증빙서류를 첨부하여 결석계를 학부(과)에 제출하고 승인을 받아야 한다. 제2항, 유고 결석은 다음 각호의 사유와 기간에 국한하여 인정한다.
1. 직계존속 또는 형제자매의 사망 - 일주일 이내
2. 입원 치료 또는 등교가 불가능한 질병의 치료 – 동일 학기 내 질병 치료로 인한 유고 결석 인정일을 합산하여 최대 3주 이내
3. 병역법에 의한 병역판정검사 및 예비 군법에 의한 소집 – 해당일 
4. 여학생의 생리결석 – 별도의 증빙서류 제출 없이 한 학기당 최대 5일 이내, 1회당 2일 이내로 신청할 수 있으며 1회 신청 후 다음 생리 결석은 2주가 지난 후 신청할 수 있음. 단, 학칙 시행세칙 제13조에 따른 시험 기간 중에는 유고 결석을 인정하지 않을 수 있음.
5. 기타 총장이 허가한 경우
제3항, 유고 결석은 학칙 제30조 제2항의 결석일 수에 포함하지 아니한다. 제4항, 장기 결석으로 학칙에 규정된 출석 일수를 확보하지 못할 경우 즉시 휴학 절차를 밟아야 한다.
제15조 (성적평가) 제1항, 성적평가는 정기, 수시시험 등 시험성적과 출석, 과제 등 평소 성적
을 종합평가 하며, 전 과목에 대해 상대평가 유형Ⅰ적용을 원칙으로 한다. 그러나 기타 과목의 특성으로 총장이 승인한 과목은 상대평가 유형Ⅱ 또는 절대평가를 할 수 있다. 상대평가 비율은 다음 각호의 1과 같다. 
1. 상대평가 유형Ⅰ: A+, A0(30% 이내), A+, A0, B+, B0(70% 이내)
2. 상대평가 유형Ⅱ: A+, A0(40% 이내) 
제2항, 매 학기 수업 종료일 기준 4주 이내에 질병(입원가료 또는 이에 상응하는 의사 소견서를 제출한 자) 또는 입대로 학기말 시험에 응시하지 못하는 자에 대해서는 해당 교과목 담당 교수가 그 학기 중에 평가한 성적을 학기 말 시험성적으로 대 체할 수 있다. 제3항, 전 항의 성적을 인정받고자 하는 자는 소정의 학기말시험 대체 원을 지도교수 및 학부(과)장을 경유, 교무처에 제출하여 총장의 승인을 받아야 한다. 제4항, 조종 실기 교육의 평가는 비행교육원의 평가 기준에 의하며 학점 인정은 항공 운항학과장이 확인하여 교무처에 제출한다. 제5항, 대학원 과정생, 국내외 교환학생 등 총장이 필요하다고 인정한 경우에는 상대 평가 대상에서 제외할 수 있다. 제6항, 본 조항에 정하여 있지 않은 세부 사항은 성적관리에 관한 내규로 정한다.
제16조 (수수료) 추가시험 및 재시험 응시자에게는 소정의 수수료를 따로 정할 수 있다.
제17조 (성적정정) 일단 제출된 성적은 정정할 수 없으며, 정당한 사유로 인한 정정은 담당 교수가 소정의 정정원에 사유를 기재하고 성적정정에 대한 근거 서류(답안지 등)를 첨부하여 교무처에 제출하고 총장의 승인을 받아야 한다.
제18조 (성적공시 등) 성적은 매 학기 말 학생 및 소속 학부(과)장, 학부모에게 공시 및
통보한다.
제19조 (성적산출) 성적의 산출(평점 평균)은 다음과 같이 한다. 단, 합격(Pass) 또는 불합격(No Pass), 과목 재수(Retake)로 지정된 과목은 평점 평균 계산에 산입하지 않는다.
2014학년도 2학기 이후 성적:
=∑(과목별 학점 수 × 과목별 성적 평점)/총 수강신청 학점 수(P, NP, R 학점 제외)
2014학년도 1학기 이전 성적:
= ∑(과목별 학점 수 × 과목별 성적 평점)/총 취득학점 수(P 학점 제외)",https://www.kau.ac.kr/doc/aboutkau/rules/2-1-02.pdf,"""Examination and grades.""
Article 13 (Separation of Tests) Tests conducted at this university are divided into regular and occasional tests
All.
1. Regular exams are conducted at the end of each semester.
2. Occasional examinations may be conducted from time to time when the professor in charge of the subject deems it necessary.
Article 14 (Loss of Qualification) Grades in which qualifications for credit are lost fall under the following subparagraphs and are listed as F in the academic register.
1. Grades of subjects absent for at least 1/4 of the total number of class hours pursuant to Article 30 (2) of the School Rules
2. the grades of the subjects obtained through cheating during the exam
3. Grades acquired through fraudulent solicitation, etc. under other relevant laws
Article 14-2 (Unattended Absence) (1) A student who is absent from death shall submit an absentee system to the undergraduate department (subject) and obtain approval within one week after the absence, along with evidentiary documents, if there is an urgent situation, before or immediately after the occurrence of the cause. Paragraph 2 recognizes the absence of death from death only for the following reasons and periods.
1. Death of lineal ascendant or sibling - within a week
2. Treatment of inpatient treatment or non-schoolable diseases – within a maximum of 3 weeks by adding up the date of recognition of absence due to the treatment of the disease within the same semester
3. Military service judgment inspection under the Military Service Act and convocation under the Reserve Military Act – the relevant date 
4. Female students' menstrual absence – Applications can be made within a maximum of 5 days per semester and within 2 days per semester without submission of separate evidence, and the next menstrual absence after two weeks after one application. However, absence from death may not be recognized during the examination period pursuant to Article 13 of the Enforcement Regulations of the School Regulations.
5. If other permission is granted by the President
Paragraph 3 does not include the number of absentee days under Article 30 (2) of the School Regulations. Paragraph 4, if the number of attendance days specified in the school regulations cannot be secured due to long-term absence, a leave of absence must be immediately taken.
Article 15 (Grade Evaluation) Paragraph 1, for grade evaluation, test results such as regular and occasional tests, attendance, and usual grades such as assignments
In principle, it is evaluated comprehensively, and relative evaluation type I is applied to all subjects. However, subjects approved by the president due to the characteristics of other subjects may be evaluated by relative evaluation type II or absolute evaluation. The relative evaluation ratio is as follows. 
1. Relative Evaluation Type I: A+, A0 (within 30%), A+, A0, B+, B0 (within 70%)
2. Relative Evaluation Type II: A+, A0 (within 40%) 
Paragraph 2, for those who are unable to take the semester-end test due to illness (a person who has submitted a fee or a doctor's note corresponding to admission fee) or enlistment within 4 weeks of the end date of each semester, the grades evaluated by the professor in charge of the subject during the semester may be replaced by the end-of-semester examination grades. A person who intends to be recognized for the grades in Paragraph 3 and the preceding paragraph shall submit a prescribed application for substitution for the end-of-semester examination to the Office of Education via the supervisor and the head of the undergraduate (department) and obtain approval from the president. Paragraph 4, the evaluation of pilot practical education is in accordance with the evaluation criteria of the Flight Education Institute, and credit recognition is confirmed by the head of the Aviation Operations Department and submitted to the Office of Education. Paragraph 5, graduate students, domestic and international exchange students, etc. may be excluded from the relative evaluation if the president deems it necessary. Details not provided for in Paragraph 6, this article, shall be prescribed by by-laws on grade management.
Article 16 (Fee) A prescribed fee may be separately determined for candidates who take additional and retesting tests.
Article 17 (Grade Correction) Once submitted, the grades cannot be corrected, and correction due to justifiable reasons must be made by the professor in charge, accompanied by evidence documents (answers, etc.) on the grade correction, and submitted to the school affairs office, and approved by the president.
Article 18 (Grade Disclosure, etc.) The grades are disclosed to students, heads of departments, and parents at the end of each semester
I will notify you.
Article 19 (Grade Calculation) The calculation of grades (evaluation average) is as follows. However, subjects designated as Pass, No Pass, or Retake of subjects are not included in the average calculation of grades.
Grades after the second semester of 2014:
= ∑ (number of credits per subject × grade per subject) / Total number of credits registered (excluding P, NP, and R credits)
Prior to the first semester of 2014:
= ∑ (number of credits per subject × grade per subject) / Total number of credits (excluding P credits) """
,"학생 상벌
제43조 (포상의 대상) 제1항, 다음 각호의 1에 해당하는 학생에 대해서는 소정의 절차를 거쳐 포상할 수 있다: 매 학기 학업성적이 우수하고 품행이 단정한 자, 학교와 사회의 발전에 현저한 공적을 남긴 자, 선행 및 효행 등으로 타 학생의 모범이 되는 자, 뛰어난 재능을 발휘하여 학교의 명예를 높인 자, 학생 자치활동에 공로가 현저한 자
제2항, 전 항의 포상 대상자 중 당해 학년도 징계처분을 받은 자는 포상 대상에서 제외한다. 제3항, 포상에 관한 사항은 총장이 따로 정한다.
제45조 (포상의 발의) 제43조의 사유가 발생하였을 때는 학생처장 또는 학부(과)장은 다음의 서류를 갖추어 지도위원회에 상정하여 포상을 발의할 수 있다: 성적증명서 1부, 공적조서 1부, 지도교수 추천서 1부, 학부(과)장 의견서 1부
제46조 (징계의 대상) 학생이 다음 각호의 1에 해당할 때는 소정의 절차를 거쳐 징계할 수 있다: 학생 신분에 벗어난 행위를 한 자, 수업을 방해하거나 지장을 초래케 한 자, 학교의 명예를 훼손시킨 자, 학교시설을 무단 점거 또는 비품을 고의로 파손시킨 자, 기타 학칙 및 제 규정을 위반한 자
제47조 (징계의 발의) 제46조의 사유가 발생하였을 때는 학부(과)장 또는 학생처장은 다음의 서류를 갖추어 지도위원회에 상정하여 징계를 발의할 수 있다: 사건 경위서 1부, 본인의 진술서(경우에 따라서 생략할 수 있음) 1부, 지도교수 및 학부(과)장 의견서 1부
제48조 (징계의 구분) 징계는 근신, 유기정학, 무기정학, 제적으로 구분하며, 근신은 2주 이내, 유기정학은 90일 이내로 함을 원칙으로 한다.
제48조의1 (봉사 명령) 제1항, 징계가 결정된 학생에게 징계를 대체할 수 있는 사회봉사 명령을 부과할 수 있으며, 봉사명령을 이행할 경우 징계는 소멸한다. 제2항, 봉사 명령의 종류, 시간, 방법 등은 학생처장이 정하고 이행 여부를 감독한다.
제49조 (근신/유기정학/무기정학) 다음 각호 1에 해당하는 자는 근신, 유기정학 또는 무기정학에 처할 수 있다: 학생품위를 손상한 자, 교직원에게 불손한 자, 학교 시설물을 훼손한 자, 폭행을 가한 자, 시험 중 부정행위를 행하였거나 이를 계획한 자
제52조 (제 적) 다음 각호의 1에 해당하는 자는 제적에 처할 수 있다: 무기정학에 해당하는 행위를 재범한 자, 실형 선고를 받은 자, 징계 기간에 다시 학칙을 위반한 자, 교직원에게 폭행을 가한 자, 대학의 운영에 심각한 피해를 초래한 자
제53조 (심의 절차) 포상자와 징계자에 대한 심의 절차는 다음과 같다.
1. 포상 대상자
가. 학생처장은 포상 대상자로서 제43조의 요건을 갖춘 학생이 추천되면 구비서류를 갖추어 지도위원회에 회부하여 심의받아야 한다.
나. 학생처장은 심의 결과를 총장에게 보고하여 승인받아야 한다.
2. 징계대상자
가. 학생처장은 제46조의 징계 사유에 해당하는 학생이 확인되었을 때는 구비 서류를 갖추어 지도위원회에 회부하여 심의 받아야 한다.
나. 학생처장 또는 지도위원회에서 필요하다고 판단한 경우에는 해당 학생의 입장을 보호하기 위하여 해당 학생 또는 지도교수의 출석을 요청하여 해명 또는 참고 발언을 청취할 수 있다.
다. 학생처장은 심의 결과를 총장에게 보고하여 승인받아야 한다.
제54조 (특별 지도 및 권리의 정지) 제1항, 제적 이외의 징계처분을 받았을 경우에는 징계 기간에 지도교수 및 학부(과)장의 계속된 특별 지도를 받아야 한다. 제2항, 근신 처분을 받았을 경우에는 수업 이외의 모든 학생활동에 참여가 금지된다. 제3항, 근신 이외의 처분을 받은 학생은 처벌받은 날로부터 해제 시까지 학생으로서의 모든 권리는 정지된다.
제55조 (징계의 해제) 학생처장은 지도교수 및 학부(과)장으로부터 징계 중인 학생에 대한 특별 지도 결과 보고서와 징계 해제에 대한 의견서가 제출되면 지도위원회의 심의를 거쳐 총장의 승인을 받아 징계를 해제할 수 있다.
제56조 (통보 및 등재) 제1항, 학생처장은 포상 및 징계 사실을 지도교수, 학부(과)장, 교무처
장 및 학부모와 본인에게 지체 없이 통보하여야 한다. 제2항, 교무처장은 포상 및 무기정학 이상의 징계 사실을 학적부에 올린다.",https://www.kau.ac.kr/doc/aboutkau/rules/2-1-02.pdf,"""Student reward and punishment""
Article 43 (1) (subject to reward) Any student falling under any of the following subparagraphs may be awarded through the prescribed procedures: A person who has excellent academic performance and good conduct every semester, a person who has made a remarkable contribution to the development of schools and society, a person who is an example of other students through good deeds, filial piety, etc., a person who has demonstrated outstanding talent to enhance the honor of the school, and a person who has made a remarkable contribution to the self-governing activities of students
Those who have received disciplinary action for the relevant school year from among those subject to the rewards referred to in paragraph (2) and the preceding paragraph shall be excluded from the rewards. Matters concerning the rewards referred to in paragraph (3) shall be separately determined by the President.
Article 45 (Proposal of Rewards) When the grounds referred to in Article 43 arise, the head of the student affairs department or the head of an undergraduate department may submit the following documents to the supervisory committee and propose a reward: One transcript of the transcript, one public record, one letter of recommendation for an advisor, and one copy of the opinion of the head of an undergraduate department (department)
Article 46 (Subject to Disciplinary Action) If a student falls under any of the following, he/she may be disciplined through the prescribed procedures: A person who commits an act that deviates from his/her status as a student, a person who interferes with or interferes with classes, a person who has damaged the reputation of the school, a person who intentionally occupies school facilities or damaged equipment, or violates other school regulations and regulations
Article 47 (Proposal of Disciplinary Action) When a reason under Article 46 occurs, the head of an undergraduate department or the head of a student department may propose disciplinary action by presenting the following documents to the supervisory committee: One part of the case report, one part of the person's statement (which may be omitted in some cases), and one part of the opinion of the head of the supervisor and the head of an undergraduate department (subject)
Article 48 (Discrimination of Disciplinary Measures) Disciplinary action shall be classified into probationary, organic suspension, indefinite suspension, and expulsion, and in principle, probation shall be within two weeks and organic suspension within 90 days.
Article 48-1 (Service Order) Paragraph 1, a social service order that can replace disciplinary action may be imposed on a student whose disciplinary action has been decided, and if the service order is fulfilled, the disciplinary action shall lapse. Paragraph 2, the type, time, method, etc. of service order shall be determined by the head of the student ministry and supervised on whether or not to implement it.
Article 49 (Geunshin/Organic/Organic/Organic/Organic) Any person falling under any of the following subparagraphs may be punished by probation, organization, or indefinite suspension: A person who has damaged the status of a student, a person who is irreverent to a faculty member, a person who has damaged school facilities, an assault, a person who has cheated during an examination, or who plans to do so
Article 52 (Exclusion) Any person falling under any of the following subparagraphs may be punished by expulsion: A person who has reoffended an act that falls under indefinite suspension, a person sentenced to prison, a person who violates school rules again during the period of disciplinary action, a person who has assaulted a faculty member, and a person who has caused serious damage to the operation of the university
Article 53 (Deliberation Procedure) The deliberation procedure for the reward and disciplinary person is as follows.
1. a person eligible for a reward
A. If a student who meets the requirements of Article 43 is recommended as a person eligible for the reward, the head of the student affairs department shall prepare the necessary documents and refer them to the guidance committee for deliberation.
B. The head of the student affairs office must report the results of the deliberation to the president and obtain approval.
2. Person subject to disciplinary action
A. When a student who falls under the grounds for disciplinary action under Article 46 is identified, the head of the student affairs department shall prepare necessary documents and refer them to the guidance committee for deliberation.
B. If deemed necessary by the head of the student affairs department or the guidance committee, the student or guidance professor may request the attendance of the student or guidance professor to listen to the explanation or reference remarks.
C. The head of the student affairs office must report the results of the deliberation to the president and obtain approval.
Article 54 (Suspension of Special Guidance and Rights) In case of disciplinary action other than paragraph 1 and expulsion, he/she shall receive continuous special guidance from his/her supervisor and the head of the undergraduate department during the disciplinary period. Paragraph 2 prohibits participation in all student activities other than class in case of probation. In paragraph 3, all rights as a student are suspended from the date of punishment until cancellation.
Article 55 (Release of Disciplinary Action) When a report on the results of special guidance and an opinion on the lifting of disciplinary action are submitted from the head of the supervisor and undergraduate department, the head of the student department may lift the disciplinary action after deliberation by the supervisory committee.
Article 56 (Notification and registration) Paragraph 1 states that the head of the student department is an advisor, the head of an undergraduate department, and the office of a teacher
The head of the school, parents, and the principal shall be notified without delay. In paragraph (2), the head of the school affairs department shall post a reward and disciplinary action above indefinite suspension in the school register."""
,"계절 수업
제57조 (계절수업) 제1항, 계절수업의 개설은 여름방학 및 겨울방학 기간에 설치할 수 있으며 수업 기간은 3주 이상으로 한다. 제2항, 계절수업의 개설 과목은 필수과목과 선수과목을 원칙으로 하며 필요에 따라 총장의 승인을 얻어 특별과목을 개설할 수 있다. 제3항, 학급당 인원은 10명 이상 60명 이내로 제한할 수 있다.
제58조 (학점) 계절수업의 강의 시간은 1학점당 15시간으로 하며 취득 학점은 7학점 이내로 한다. 다만, 총장이 필요하다고 인정할 때는 예외로 할 수 있다.
제59조 (수강 신청) 제1항, 소정 기일 내에 소정의 절차를 거쳐 수강 신청을 해야 한다. 제2항, 수강과목에 대해서는 소정의 수강료를 납부하여야 한다. 제3항, 계절수업은 휴학 중인 학생도 수강할 수 있다.",https://www.kau.ac.kr/doc/aboutkau/rules/2-1-02.pdf,"""Seasonal class""
Article 57 (1) (Seasonal Classes) The opening of seasonal classes may be established during summer and winter vacation, and the period of class shall be at least 3 weeks. In principle, the subjects opened in seasonal classes are compulsory and prerequisite courses, and special courses may be opened with the approval of the president if necessary. Paragraph 3 may limit the number of students per class to 10 or more and not more than 60.
Article 58 (Credit) The lecture time for seasonal classes shall be 15 hours per credit, and the earned credits shall not exceed 7 credits. However, exceptions may be made when the president deems it necessary.
Article 59 (Application for Course) Paragraph 1, You must apply for the course through a prescribed procedure within the prescribed date. In Paragraph 2, a prescribed tuition fee shall be paid for the course. In Paragraph 3, seasonal classes may also be taken by students on leave of absence"
